{
  "timestamp": "2025-07-20T05:43:36.531434",
  "cpu_percent": 25.9,
  "memory_percent": 52.9,
  "memory_available_gb": 15.045509338378906,
  "disk_percent": 53.98001435084654,
  "disk_free_gb": 428.33460998535156,
  "disk_total_gb": 930.7578086853027,
  "process_count": 540,
  "load_average": [
    0,
    0,
    0
  ]
}