{
  "timestamp": "2025-07-20T05:47:40.606215",
  "cpu_percent": 24.6,
  "memory_percent": 52.5,
  "memory_available_gb": 15.171005249023438,
  "disk_percent": 53.97882374084539,
  "disk_free_gb": 428.3456916809082,
  "disk_total_gb": 930.7578086853027,
  "process_count": 543,
  "load_average": [
    0,
    0,
    0
  ]
}