{
  "timestamp": "2025-07-20T11:43:36.746520",
  "cpu_percent": 40.1,
  "memory_percent": 55.4,
  "memory_available_gb": 14.229732513427734,
  "disk_percent": 54.04883775664076,
  "disk_free_gb": 427.69403076171875,
  "disk_total_gb": 930.7578086853027,
  "process_count": 548,
  "load_average": [
    0,
    0,
    0
  ]
}