{
  "timestamp": "2025-07-20T07:07:00.080073",
  "cpu_percent": 10.7,
  "memory_percent": 53.5,
  "memory_available_gb": 14.835193634033203,
  "disk_percent": 53.998669836571864,
  "disk_free_gb": 428.16097259521484,
  "disk_total_gb": 930.7578086853027,
  "process_count": 545,
  "load_average": [
    0,
    0,
    0
  ]
}