{
  "timestamp": "2025-07-20T11:05:59.078002",
  "cpu_percent": 10.1,
  "memory_percent": 56.0,
  "memory_available_gb": 14.039142608642578,
  "disk_percent": 54.049814425705364,
  "disk_free_gb": 427.68494033813477,
  "disk_total_gb": 930.7578086853027,
  "process_count": 550,
  "load_average": [
    0,
    0,
    0
  ]
}