{
  "timestamp": "2025-07-20T12:31:24.546720",
  "cpu_percent": 14.0,
  "memory_percent": 56.6,
  "memory_available_gb": 13.849311828613281,
  "disk_percent": 54.05350552163319,
  "disk_free_gb": 427.65058517456055,
  "disk_total_gb": 930.7578086853027,
  "process_count": 549,
  "load_average": [
    0,
    0,
    0
  ]
}