{
  "timestamp": "2025-07-20T10:14:07.264151",
  "cpu_percent": 16.6,
  "memory_percent": 54.8,
  "memory_available_gb": 14.446533203125,
  "disk_percent": 54.0377984862859,
  "disk_free_gb": 427.79677963256836,
  "disk_total_gb": 930.7578086853027,
  "process_count": 556,
  "load_average": [
    0,
    0,
    0
  ]
}