{
  "timestamp": "2025-07-20T06:05:59.003703",
  "cpu_percent": 24.0,
  "memory_percent": 53.1,
  "memory_available_gb": 14.972225189208984,
  "disk_percent": 53.98324600656393,
  "disk_free_gb": 428.3045310974121,
  "disk_total_gb": 930.7578086853027,
  "process_count": 546,
  "load_average": [
    0,
    0,
    0
  ]
}