{
  "timestamp": "2025-07-20T10:17:10.310064",
  "cpu_percent": 6.7,
  "memory_percent": 54.8,
  "memory_available_gb": 14.41656494140625,
  "disk_percent": 54.03810997117433,
  "disk_free_gb": 427.7938804626465,
  "disk_total_gb": 930.7578086853027,
  "process_count": 548,
  "load_average": [
    0,
    0,
    0
  ]
}