{
  "timestamp": "2025-07-20T07:54:47.904381",
  "cpu_percent": 20.6,
  "memory_percent": 53.9,
  "memory_available_gb": 14.708370208740234,
  "disk_percent": 54.00216666429296,
  "disk_free_gb": 428.12842559814453,
  "disk_total_gb": 930.7578086853027,
  "process_count": 545,
  "load_average": [
    0,
    0,
    0
  ]
}