{
  "timestamp": "2025-07-20T09:59:52.983426",
  "cpu_percent": 22.0,
  "memory_percent": 56.2,
  "memory_available_gb": 13.977916717529297,
  "disk_percent": 54.034222557797094,
  "disk_free_gb": 427.83006286621094,
  "disk_total_gb": 930.7578086853027,
  "process_count": 551,
  "load_average": [
    0,
    0,
    0
  ]
}