{
  "timestamp": "2025-07-20T12:20:13.355947",
  "cpu_percent": 9.7,
  "memory_percent": 57.8,
  "memory_available_gb": 13.471908569335938,
  "disk_percent": 54.05029722728243,
  "disk_free_gb": 427.68044662475586,
  "disk_total_gb": 930.7578086853027,
  "process_count": 550,
  "load_average": [
    0,
    0,
    0
  ]
}