{
  "timestamp": "2025-07-20T10:29:22.499538",
  "cpu_percent": 26.5,
  "memory_percent": 54.9,
  "memory_available_gb": 14.397064208984375,
  "disk_percent": 54.041170720051625,
  "disk_free_gb": 427.7653923034668,
  "disk_total_gb": 930.7578086853027,
  "process_count": 547,
  "load_average": [
    0,
    0,
    0
  ]
}