{
  "timestamp": "2025-07-20T11:37:30.651749",
  "cpu_percent": 10.7,
  "memory_percent": 55.2,
  "memory_available_gb": 14.289066314697266,
  "disk_percent": 54.04748607616441,
  "disk_free_gb": 427.7066116333008,
  "disk_total_gb": 930.7578086853027,
  "process_count": 549,
  "load_average": [
    0,
    0,
    0
  ]
}