{
  "timestamp": "2025-07-20T11:35:28.622767",
  "cpu_percent": 22.9,
  "memory_percent": 57.1,
  "memory_available_gb": 13.699928283691406,
  "disk_percent": 54.046924583668165,
  "disk_free_gb": 427.7118377685547,
  "disk_total_gb": 930.7578086853027,
  "process_count": 557,
  "load_average": [
    0,
    0,
    0
  ]
}