{
  "timestamp": "2025-07-20T08:51:44.833085",
  "cpu_percent": 16.2,
  "memory_percent": 54.7,
  "memory_available_gb": 14.464256286621094,
  "disk_percent": 54.015560924343696,
  "disk_free_gb": 428.00375747680664,
  "disk_total_gb": 930.7578086853027,
  "process_count": 545,
  "load_average": [
    0,
    0,
    0
  ]
}