{
  "timestamp": "2025-07-20T09:57:50.946601",
  "cpu_percent": 25.2,
  "memory_percent": 56.1,
  "memory_available_gb": 14.029529571533203,
  "disk_percent": 54.0109878343634,
  "disk_free_gb": 428.0463218688965,
  "disk_total_gb": 930.7578086853027,
  "process_count": 556,
  "load_average": [
    0,
    0,
    0
  ]
}