{
  "timestamp": "2025-07-20T05:55:48.823142",
  "cpu_percent": 27.0,
  "memory_percent": 52.2,
  "memory_available_gb": 15.274555206298828,
  "disk_percent": 53.98026189936312,
  "disk_free_gb": 428.3323059082031,
  "disk_total_gb": 930.7578086853027,
  "process_count": 547,
  "load_average": [
    0,
    0,
    0
  ]
}