{
  "timestamp": "2025-07-20T06:33:26.460971",
  "cpu_percent": 30.5,
  "memory_percent": 52.9,
  "memory_available_gb": 15.03848648071289,
  "disk_percent": 53.992209803925384,
  "disk_free_gb": 428.2210998535156,
  "disk_total_gb": 930.7578086853027,
  "process_count": 547,
  "load_average": [
    0,
    0,
    0
  ]
}