{
  "timestamp": "2025-07-20T10:36:29.600322",
  "cpu_percent": 7.5,
  "memory_percent": 54.8,
  "memory_available_gb": 14.416423797607422,
  "disk_percent": 54.04261666569157,
  "disk_free_gb": 427.7519340515137,
  "disk_total_gb": 930.7578086853027,
  "process_count": 549,
  "load_average": [
    0,
    0,
    0
  ]
}