{
  "timestamp": "2025-07-20T09:10:03.132052",
  "cpu_percent": 7.8,
  "memory_percent": 55.2,
  "memory_available_gb": 14.310546875,
  "disk_percent": 54.018915534622316,
  "disk_free_gb": 427.9725341796875,
  "disk_total_gb": 930.7578086853027,
  "process_count": 544,
  "load_average": [
    0,
    0,
    0
  ]
}