{
  "timestamp": "2025-07-20T11:42:35.728764",
  "cpu_percent": 9.2,
  "memory_percent": 55.9,
  "memory_available_gb": 14.074092864990234,
  "disk_percent": 54.04860701191419,
  "disk_free_gb": 427.6961784362793,
  "disk_total_gb": 930.7578086853027,
  "process_count": 548,
  "load_average": [
    0,
    0,
    0
  ]
}