{
  "timestamp": "2025-07-20T11:16:09.232121",
  "cpu_percent": 23.6,
  "memory_percent": 55.4,
  "memory_available_gb": 14.243759155273438,
  "disk_percent": 54.043324883964196,
  "disk_free_gb": 427.7453422546387,
  "disk_total_gb": 930.7578086853027,
  "process_count": 550,
  "load_average": [
    0,
    0,
    0
  ]
}