{
  "timestamp": "2025-07-20T06:00:53.907624",
  "cpu_percent": 12.5,
  "memory_percent": 53.0,
  "memory_available_gb": 15.0062255859375,
  "disk_percent": 53.982473851919465,
  "disk_free_gb": 428.31171798706055,
  "disk_total_gb": 930.7578086853027,
  "process_count": 541,
  "load_average": [
    0,
    0,
    0
  ]
}