{
  "timestamp": "2025-07-20T09:46:39.755136",
  "cpu_percent": 27.4,
  "memory_percent": 56.3,
  "memory_available_gb": 13.958171844482422,
  "disk_percent": 54.01345102407317,
  "disk_free_gb": 428.0233955383301,
  "disk_total_gb": 930.7578086853027,
  "process_count": 558,
  "load_average": [
    0,
    0,
    0
  ]
}