{
  "timestamp": "2025-07-20T08:34:27.563478",
  "cpu_percent": 10.9,
  "memory_percent": 53.7,
  "memory_available_gb": 14.773983001708984,
  "disk_percent": 54.01138579729322,
  "disk_free_gb": 428.04261779785156,
  "disk_total_gb": 930.7578086853027,
  "process_count": 545,
  "load_average": [
    0,
    0,
    0
  ]
}