{
  "timestamp": "2025-07-20T10:09:02.121726",
  "cpu_percent": 15.9,
  "memory_percent": 54.8,
  "memory_available_gb": 14.418228149414062,
  "disk_percent": 54.03713412180679,
  "disk_free_gb": 427.80296325683594,
  "disk_total_gb": 930.7578086853027,
  "process_count": 552,
  "load_average": [
    0,
    0,
    0
  ]
}