{
  "timestamp": "2025-07-20T06:37:30.524285",
  "cpu_percent": 12.1,
  "memory_percent": 52.3,
  "memory_available_gb": 15.24459457397461,
  "disk_percent": 53.99252702669334,
  "disk_free_gb": 428.21814727783203,
  "disk_total_gb": 930.7578086853027,
  "process_count": 547,
  "load_average": [
    0,
    0,
    0
  ]
}