{
  "timestamp": "2025-07-20T07:10:03.126704",
  "cpu_percent": 15.0,
  "memory_percent": 53.0,
  "memory_available_gb": 15.009387969970703,
  "disk_percent": 53.99956535562609,
  "disk_free_gb": 428.15263748168945,
  "disk_total_gb": 930.7578086853027,
  "process_count": 544,
  "load_average": [
    0,
    0,
    0
  ]
}