{
  "timestamp": "2025-07-20T09:04:58.038207",
  "cpu_percent": 10.7,
  "memory_percent": 54.0,
  "memory_available_gb": 14.698188781738281,
  "disk_percent": 54.01810977239778,
  "disk_free_gb": 427.9800338745117,
  "disk_total_gb": 930.7578086853027,
  "process_count": 545,
  "load_average": [
    0,
    0,
    0
  ]
}