{
  "timestamp": "2025-07-20T12:25:18.441194",
  "cpu_percent": 17.9,
  "memory_percent": 57.2,
  "memory_available_gb": 13.668022155761719,
  "disk_percent": 54.05121692740035,
  "disk_free_gb": 427.6718864440918,
  "disk_total_gb": 930.7578086853027,
  "process_count": 553,
  "load_average": [
    0,
    0,
    0
  ]
}