{
  "timestamp": "2025-07-20T09:39:32.633118",
  "cpu_percent": 21.6,
  "memory_percent": 54.4,
  "memory_available_gb": 14.569698333740234,
  "disk_percent": 54.01687121011777,
  "disk_free_gb": 427.99156188964844,
  "disk_total_gb": 930.7578086853027,
  "process_count": 548,
  "load_average": [
    0,
    0,
    0
  ]
}