{
  "timestamp": "2025-07-20T11:07:00.092698",
  "cpu_percent": 6.3,
  "memory_percent": 56.6,
  "memory_available_gb": 13.851829528808594,
  "disk_percent": 54.04024733129687,
  "disk_free_gb": 427.77398681640625,
  "disk_total_gb": 930.7578086853027,
  "process_count": 549,
  "load_average": [
    0,
    0,
    0
  ]
}