{
  "timestamp": "2025-07-20T09:47:40.768440",
  "cpu_percent": 8.3,
  "memory_percent": 55.6,
  "memory_available_gb": 14.174491882324219,
  "disk_percent": 54.00822463552426,
  "disk_free_gb": 428.0720405578613,
  "disk_total_gb": 930.7578086853027,
  "process_count": 553,
  "load_average": [
    0,
    0,
    0
  ]
}