{
  "timestamp": "2025-07-20T08:22:15.387146",
  "cpu_percent": 16.1,
  "memory_percent": 53.8,
  "memory_available_gb": 14.764179229736328,
  "disk_percent": 54.008247177193816,
  "disk_free_gb": 428.0718307495117,
  "disk_total_gb": 930.7578086853027,
  "process_count": 545,
  "load_average": [
    0,
    0,
    0
  ]
}