{
  "timestamp": "2025-07-20T09:56:49.929540",
  "cpu_percent": 6.0,
  "memory_percent": 56.3,
  "memory_available_gb": 13.946346282958984,
  "disk_percent": 54.01062880704464,
  "disk_free_gb": 428.0496635437012,
  "disk_total_gb": 930.7578086853027,
  "process_count": 548,
  "load_average": [
    0,
    0,
    0
  ]
}