{
  "timestamp": "2025-07-20T08:21:14.371241",
  "cpu_percent": 14.4,
  "memory_percent": 54.1,
  "memory_available_gb": 14.65243148803711,
  "disk_percent": 54.00797585746206,
  "disk_free_gb": 428.07435607910156,
  "disk_total_gb": 930.7578086853027,
  "process_count": 546,
  "load_average": [
    0,
    0,
    0
  ]
}