{
  "timestamp": "2025-07-20T12:29:22.515232",
  "cpu_percent": 18.6,
  "memory_percent": 56.1,
  "memory_available_gb": 14.00344467163086,
  "disk_percent": 54.05273131774604,
  "disk_free_gb": 427.6577911376953,
  "disk_total_gb": 930.7578086853027,
  "process_count": 560,
  "load_average": [
    0,
    0,
    0
  ]
}