{
  "timestamp": "2025-07-20T11:58:52.008280",
  "cpu_percent": 29.0,
  "memory_percent": 57.1,
  "memory_available_gb": 13.70748519897461,
  "disk_percent": 54.052237040409935,
  "disk_free_gb": 427.66239166259766,
  "disk_total_gb": 930.7578086853027,
  "process_count": 551,
  "load_average": [
    0,
    0,
    0
  ]
}