{
  "timestamp": "2025-07-20T11:40:33.699311",
  "cpu_percent": 5.5,
  "memory_percent": 56.4,
  "memory_available_gb": 13.928192138671875,
  "disk_percent": 54.048619307370316,
  "disk_free_gb": 427.6960639953613,
  "disk_total_gb": 930.7578086853027,
  "process_count": 548,
  "load_average": [
    0,
    0,
    0
  ]
}