{
  "timestamp": "2025-07-20T10:13:06.240791",
  "cpu_percent": 18.6,
  "memory_percent": 55.7,
  "memory_available_gb": 14.137836456298828,
  "disk_percent": 54.03753331428221,
  "disk_free_gb": 427.7992477416992,
  "disk_total_gb": 930.7578086853027,
  "process_count": 547,
  "load_average": [
    0,
    0,
    0
  ]
}