{
  "timestamp": "2025-07-20T07:39:32.632246",
  "cpu_percent": 6.3,
  "memory_percent": 53.4,
  "memory_available_gb": 14.86434555053711,
  "disk_percent": 53.99879852901262,
  "disk_free_gb": 428.15977478027344,
  "disk_total_gb": 930.7578086853027,
  "process_count": 545,
  "load_average": [
    0,
    0,
    0
  ]
}