{
  "timestamp": "2025-07-20T05:56:49.838735",
  "cpu_percent": 30.0,
  "memory_percent": 52.3,
  "memory_available_gb": 15.217323303222656,
  "disk_percent": 53.980538956974414,
  "disk_free_gb": 428.32972717285156,
  "disk_total_gb": 930.7578086853027,
  "process_count": 540,
  "load_average": [
    0,
    0,
    0
  ]
}