{
  "timestamp": "2025-07-20T07:08:01.096374",
  "cpu_percent": 10.5,
  "memory_percent": 54.5,
  "memory_available_gb": 14.526554107666016,
  "disk_percent": 53.99896287827611,
  "disk_free_gb": 428.1582450866699,
  "disk_total_gb": 930.7578086853027,
  "process_count": 548,
  "load_average": [
    0,
    0,
    0
  ]
}