{
  "timestamp": "2025-07-20T05:44:37.548773",
  "cpu_percent": 37.1,
  "memory_percent": 52.5,
  "memory_available_gb": 15.179412841796875,
  "disk_percent": 53.978764722656,
  "disk_free_gb": 428.34624099731445,
  "disk_total_gb": 930.7578086853027,
  "process_count": 540,
  "load_average": [
    0,
    0,
    0
  ]
}