{
  "timestamp": "2025-07-20T11:17:10.246771",
  "cpu_percent": 6.7,
  "memory_percent": 56.3,
  "memory_available_gb": 13.965164184570312,
  "disk_percent": 54.04359989233279,
  "disk_free_gb": 427.74278259277344,
  "disk_total_gb": 930.7578086853027,
  "process_count": 549,
  "load_average": [
    0,
    0,
    0
  ]
}