{
  "timestamp": "2025-07-20T05:42:35.512967",
  "cpu_percent": 18.9,
  "memory_percent": 52.3,
  "memory_available_gb": 15.227912902832031,
  "disk_percent": 53.97958933791326,
  "disk_free_gb": 428.338565826416,
  "disk_total_gb": 930.7578086853027,
  "process_count": 540,
  "load_average": [
    0,
    0,
    0
  ]
}