{
  "timestamp": "2025-07-20T07:19:12.282633",
  "cpu_percent": 6.5,
  "memory_percent": 54.3,
  "memory_available_gb": 14.599472045898438,
  "disk_percent": 54.00157484300495,
  "disk_free_gb": 428.1339340209961,
  "disk_total_gb": 930.7578086853027,
  "process_count": 546,
  "load_average": [
    0,
    0,
    0
  ]
}