{
  "timestamp": "2025-07-20T06:29:22.380273",
  "cpu_percent": 10.5,
  "memory_percent": 53.5,
  "memory_available_gb": 14.858692169189453,
  "disk_percent": 53.990768366619356,
  "disk_free_gb": 428.2345161437988,
  "disk_total_gb": 930.7578086853027,
  "process_count": 549,
  "load_average": [
    0,
    0,
    0
  ]
}