{
  "timestamp": "2025-07-20T06:52:45.820885",
  "cpu_percent": 37.7,
  "memory_percent": 53.4,
  "memory_available_gb": 14.871707916259766,
  "disk_percent": 53.996114021092644,
  "disk_free_gb": 428.1847610473633,
  "disk_total_gb": 930.7578086853027,
  "process_count": 545,
  "load_average": [
    0,
    0,
    0
  ]
}