{
  "timestamp": "2025-07-20T08:47:40.772167",
  "cpu_percent": 8.3,
  "memory_percent": 54.2,
  "memory_available_gb": 14.625225067138672,
  "disk_percent": 54.014167029468005,
  "disk_free_gb": 428.01673126220703,
  "disk_total_gb": 930.7578086853027,
  "process_count": 547,
  "load_average": [
    0,
    0,
    0
  ]
}