{
  "timestamp": "2025-07-20T11:29:22.496446",
  "cpu_percent": 24.6,
  "memory_percent": 55.7,
  "memory_available_gb": 14.157318115234375,
  "disk_percent": 54.04591102823518,
  "disk_free_gb": 427.7212715148926,
  "disk_total_gb": 930.7578086853027,
  "process_count": 551,
  "load_average": [
    0,
    0,
    0
  ]
}