{
  "timestamp": "2025-07-20T11:59:53.023296",
  "cpu_percent": 28.6,
  "memory_percent": 56.2,
  "memory_available_gb": 13.975696563720703,
  "disk_percent": 54.051732107011865,
  "disk_free_gb": 427.6670913696289,
  "disk_total_gb": 930.7578086853027,
  "process_count": 549,
  "load_average": [
    0,
    0,
    0
  ]
}