{
  "timestamp": "2025-07-20T08:17:10.308826",
  "cpu_percent": 22.5,
  "memory_percent": 53.6,
  "memory_available_gb": 14.815670013427734,
  "disk_percent": 54.00755289377146,
  "disk_free_gb": 428.0782928466797,
  "disk_total_gb": 930.7578086853027,
  "process_count": 545,
  "load_average": [
    0,
    0,
    0
  ]
}