{
  "timestamp": "2025-07-20T08:05:59.082299",
  "cpu_percent": 8.5,
  "memory_percent": 54.3,
  "memory_available_gb": 14.601974487304688,
  "disk_percent": 54.004822072966775,
  "disk_free_gb": 428.10371017456055,
  "disk_total_gb": 930.7578086853027,
  "process_count": 546,
  "load_average": [
    0,
    0,
    0
  ]
}