{
  "timestamp": "2025-07-20T06:47:40.678798",
  "cpu_percent": 9.9,
  "memory_percent": 53.4,
  "memory_available_gb": 14.892967224121094,
  "disk_percent": 53.99460495877795,
  "disk_free_gb": 428.1988067626953,
  "disk_total_gb": 930.7578086853027,
  "process_count": 546,
  "load_average": [
    0,
    0,
    0
  ]
}