{
  "timestamp": "2025-07-20T05:53:46.723875",
  "cpu_percent": 22.1,
  "memory_percent": 53.4,
  "memory_available_gb": 14.883270263671875,
  "disk_percent": 53.98047870923941,
  "disk_free_gb": 428.3302879333496,
  "disk_total_gb": 930.7578086853027,
  "process_count": 541,
  "load_average": [
    0,
    0,
    0
  ]
}