{
  "timestamp": "2025-07-20T07:57:50.959544",
  "cpu_percent": 42.8,
  "memory_percent": 53.8,
  "memory_available_gb": 14.758720397949219,
  "disk_percent": 54.00325768109951,
  "disk_free_gb": 428.11827087402344,
  "disk_total_gb": 930.7578086853027,
  "process_count": 544,
  "load_average": [
    0,
    0,
    0
  ]
}