{
  "timestamp": "2025-07-20T07:28:21.440229",
  "cpu_percent": 7.2,
  "memory_percent": 55.2,
  "memory_available_gb": 14.29483413696289,
  "disk_percent": 54.00269577875474,
  "disk_free_gb": 428.1235008239746,
  "disk_total_gb": 930.7578086853027,
  "process_count": 544,
  "load_average": [
    0,
    0,
    0
  ]
}