{
  "timestamp": "2025-07-20T06:09:02.053748",
  "cpu_percent": 41.3,
  "memory_percent": 53.5,
  "memory_available_gb": 14.85073471069336,
  "disk_percent": 53.98439686125695,
  "disk_free_gb": 428.29381942749023,
  "disk_total_gb": 930.7578086853027,
  "process_count": 544,
  "load_average": [
    0,
    0,
    0
  ]
}