{
  "timestamp": "2025-07-20T08:19:12.341325",
  "cpu_percent": 8.7,
  "memory_percent": 53.8,
  "memory_available_gb": 14.747074127197266,
  "disk_percent": 54.00726804903797,
  "disk_free_gb": 428.0809440612793,
  "disk_total_gb": 930.7578086853027,
  "process_count": 546,
  "load_average": [
    0,
    0,
    0
  ]
}