{
  "timestamp": "2025-07-20T06:59:52.976771",
  "cpu_percent": 19.3,
  "memory_percent": 54.2,
  "memory_available_gb": 14.621280670166016,
  "disk_percent": 53.99740996216791,
  "disk_free_gb": 428.1726989746094,
  "disk_total_gb": 930.7578086853027,
  "process_count": 545,
  "load_average": [
    0,
    0,
    0
  ]
}