{
  "timestamp": "2025-07-20T06:23:16.292587",
  "cpu_percent": 10.5,
  "memory_percent": 54.0,
  "memory_available_gb": 14.676258087158203,
  "disk_percent": 53.98932569976771,
  "disk_free_gb": 428.2479438781738,
  "disk_total_gb": 930.7578086853027,
  "process_count": 548,
  "load_average": [
    0,
    0,
    0
  ]
}