{
  "timestamp": "2025-07-20T08:20:13.358050",
  "cpu_percent": 34.5,
  "memory_percent": 54.5,
  "memory_available_gb": 14.531059265136719,
  "disk_percent": 54.007590599836895,
  "disk_free_gb": 428.07794189453125,
  "disk_total_gb": 930.7578086853027,
  "process_count": 555,
  "load_average": [
    0,
    0,
    0
  ]
}