{
  "timestamp": "2025-07-20T09:31:24.478358",
  "cpu_percent": 19.3,
  "memory_percent": 54.4,
  "memory_available_gb": 14.543621063232422,
  "disk_percent": 54.01492524926219,
  "disk_free_gb": 428.0096740722656,
  "disk_total_gb": 930.7578086853027,
  "process_count": 545,
  "load_average": [
    0,
    0,
    0
  ]
}