{
  "timestamp": "2025-07-20T08:36:29.592267",
  "cpu_percent": 12.0,
  "memory_percent": 54.1,
  "memory_available_gb": 14.641155242919922,
  "disk_percent": 54.01125382606418,
  "disk_free_gb": 428.0438461303711,
  "disk_total_gb": 930.7578086853027,
  "process_count": 546,
  "load_average": [
    0,
    0,
    0
  ]
}