{
  "timestamp": "2025-07-20T05:57:50.857416",
  "cpu_percent": 38.1,
  "memory_percent": 52.8,
  "memory_available_gb": 15.05532455444336,
  "disk_percent": 53.98088363959436,
  "disk_free_gb": 428.3265190124512,
  "disk_total_gb": 930.7578086853027,
  "process_count": 546,
  "load_average": [
    0,
    0,
    0
  ]
}