{
  "timestamp": "2025-07-20T06:56:49.930013",
  "cpu_percent": 6.8,
  "memory_percent": 53.0,
  "memory_available_gb": 15.003475189208984,
  "disk_percent": 53.99658001887967,
  "disk_free_gb": 428.18042373657227,
  "disk_total_gb": 930.7578086853027,
  "process_count": 544,
  "load_average": [
    0,
    0,
    0
  ]
}