{
  "timestamp": "2025-07-20T07:51:44.859405",
  "cpu_percent": 12.3,
  "memory_percent": 54.1,
  "memory_available_gb": 14.654186248779297,
  "disk_percent": 54.001337950550344,
  "disk_free_gb": 428.1361389160156,
  "disk_total_gb": 930.7578086853027,
  "process_count": 551,
  "load_average": [
    0,
    0,
    0
  ]
}