{
  "timestamp": "2025-07-20T08:31:24.522586",
  "cpu_percent": 24.2,
  "memory_percent": 53.8,
  "memory_available_gb": 14.736339569091797,
  "disk_percent": 54.0103992918637,
  "disk_free_gb": 428.0517997741699,
  "disk_total_gb": 930.7578086853027,
  "process_count": 554,
  "load_average": [
    0,
    0,
    0
  ]
}