{
  "timestamp": "2025-07-20T06:03:56.969621",
  "cpu_percent": 19.0,
  "memory_percent": 53.2,
  "memory_available_gb": 14.93405532836914,
  "disk_percent": 53.9826648413379,
  "disk_free_gb": 428.30994033813477,
  "disk_total_gb": 930.7578086853027,
  "process_count": 544,
  "load_average": [
    0,
    0,
    0
  ]
}