{
  "timestamp": "2025-07-20T09:23:16.358832",
  "cpu_percent": 5.7,
  "memory_percent": 55.0,
  "memory_available_gb": 14.362926483154297,
  "disk_percent": 54.022395148704824,
  "disk_free_gb": 427.94014739990234,
  "disk_total_gb": 930.7578086853027,
  "process_count": 547,
  "load_average": [
    0,
    0,
    0
  ]
}