{
  "timestamp": "2025-07-20T06:34:27.477165",
  "cpu_percent": 22.5,
  "memory_percent": 53.3,
  "memory_available_gb": 14.910987854003906,
  "disk_percent": 53.99246472971565,
  "disk_free_gb": 428.2187271118164,
  "disk_total_gb": 930.7578086853027,
  "process_count": 546,
  "load_average": [
    0,
    0,
    0
  ]
}