{
  "timestamp": "2025-07-20T08:18:11.323605",
  "cpu_percent": 13.7,
  "memory_percent": 54.3,
  "memory_available_gb": 14.606361389160156,
  "disk_percent": 54.00700123764012,
  "disk_free_gb": 428.0834274291992,
  "disk_total_gb": 930.7578086853027,
  "process_count": 547,
  "load_average": [
    0,
    0,
    0
  ]
}