{
  "timestamp": "2025-07-20T12:15:08.279371",
  "cpu_percent": 29.0,
  "memory_percent": 56.2,
  "memory_available_gb": 13.991588592529297,
  "disk_percent": 54.05621298107125,
  "disk_free_gb": 427.6253852844238,
  "disk_total_gb": 930.7578086853027,
  "process_count": 550,
  "load_average": [
    0,
    0,
    0
  ]
}