{
  "timestamp": "2025-07-20T10:25:18.439791",
  "cpu_percent": 7.9,
  "memory_percent": 55.8,
  "memory_available_gb": 14.108642578125,
  "disk_percent": 54.040776445758645,
  "disk_free_gb": 427.7690620422363,
  "disk_total_gb": 930.7578086853027,
  "process_count": 553,
  "load_average": [
    0,
    0,
    0
  ]
}