{
  "timestamp": "2025-07-20T09:20:13.315414",
  "cpu_percent": 12.9,
  "memory_percent": 55.3,
  "memory_available_gb": 14.272079467773438,
  "disk_percent": 54.02133446069004,
  "disk_free_gb": 427.9500198364258,
  "disk_total_gb": 930.7578086853027,
  "process_count": 545,
  "load_average": [
    0,
    0,
    0
  ]
}