{
  "timestamp": "2025-07-20T07:24:17.380303",
  "cpu_percent": 18.6,
  "memory_percent": 53.9,
  "memory_available_gb": 14.724040985107422,
  "disk_percent": 54.00227773324659,
  "disk_free_gb": 428.12739181518555,
  "disk_total_gb": 930.7578086853027,
  "process_count": 549,
  "load_average": [
    0,
    0,
    0
  ]
}