{
  "timestamp": "2025-07-20T06:20:13.245446",
  "cpu_percent": 9.3,
  "memory_percent": 53.7,
  "memory_available_gb": 14.78814697265625,
  "disk_percent": 53.98817566477177,
  "disk_free_gb": 428.2586479187012,
  "disk_total_gb": 930.7578086853027,
  "process_count": 548,
  "load_average": [
    0,
    0,
    0
  ]
}