{
  "timestamp": "2025-07-20T07:09:02.109583",
  "cpu_percent": 5.4,
  "memory_percent": 54.7,
  "memory_available_gb": 14.46108627319336,
  "disk_percent": 53.9992706745277,
  "disk_free_gb": 428.15538024902344,
  "disk_total_gb": 930.7578086853027,
  "process_count": 545,
  "load_average": [
    0,
    0,
    0
  ]
}