{
  "timestamp": "2025-07-20T10:26:19.455506",
  "cpu_percent": 7.1,
  "memory_percent": 55.5,
  "memory_available_gb": 14.201251983642578,
  "disk_percent": 54.041149817776216,
  "disk_free_gb": 427.76558685302734,
  "disk_total_gb": 930.7578086853027,
  "process_count": 547,
  "load_average": [
    0,
    0,
    0
  ]
}