{
  "timestamp": "2025-07-20T07:58:51.973959",
  "cpu_percent": 7.3,
  "memory_percent": 53.6,
  "memory_available_gb": 14.820655822753906,
  "disk_percent": 54.00351875461784,
  "disk_free_gb": 428.11584091186523,
  "disk_total_gb": 930.7578086853027,
  "process_count": 544,
  "load_average": [
    0,
    0,
    0
  ]
}