{
  "timestamp": "2025-07-20T11:00:53.991709",
  "cpu_percent": 13.6,
  "memory_percent": 56.4,
  "memory_available_gb": 13.909351348876953,
  "disk_percent": 54.04807707775534,
  "disk_free_gb": 427.70111083984375,
  "disk_total_gb": 930.7578086853027,
  "process_count": 555,
  "load_average": [
    0,
    0,
    0
  ]
}