{
  "timestamp": "2025-07-20T07:56:49.935385",
  "cpu_percent": 12.1,
  "memory_percent": 54.2,
  "memory_available_gb": 14.629966735839844,
  "disk_percent": 54.00291914620763,
  "disk_free_gb": 428.12142181396484,
  "disk_total_gb": 930.7578086853027,
  "process_count": 545,
  "load_average": [
    0,
    0,
    0
  ]
}