{
  "timestamp": "2025-07-20T07:27:20.426257",
  "cpu_percent": 6.9,
  "memory_percent": 54.7,
  "memory_available_gb": 14.455097198486328,
  "disk_percent": 54.00322776215629,
  "disk_free_gb": 428.1185493469238,
  "disk_total_gb": 930.7578086853027,
  "process_count": 544,
  "load_average": [
    0,
    0,
    0
  ]
}