{
  "timestamp": "2025-07-20T10:08:01.104985",
  "cpu_percent": 23.9,
  "memory_percent": 56.0,
  "memory_available_gb": 14.048969268798828,
  "disk_percent": 54.03681771873591,
  "disk_free_gb": 427.805908203125,
  "disk_total_gb": 930.7578086853027,
  "process_count": 549,
  "load_average": [
    0,
    0,
    0
  ]
}