{
  "timestamp": "2025-07-20T06:18:11.215634",
  "cpu_percent": 12.9,
  "memory_percent": 53.1,
  "memory_available_gb": 14.97092056274414,
  "disk_percent": 53.9884641981421,
  "disk_free_gb": 428.2559623718262,
  "disk_total_gb": 930.7578086853027,
  "process_count": 549,
  "load_average": [
    0,
    0,
    0
  ]
}