{
  "timestamp": "2025-07-20T09:25:18.390548",
  "cpu_percent": 12.4,
  "memory_percent": 54.7,
  "memory_available_gb": 14.453479766845703,
  "disk_percent": 54.02314148289143,
  "disk_free_gb": 427.93320083618164,
  "disk_total_gb": 930.7578086853027,
  "process_count": 544,
  "load_average": [
    0,
    0,
    0
  ]
}