{
  "timestamp": "2025-07-20T07:52:45.874348",
  "cpu_percent": 12.0,
  "memory_percent": 53.7,
  "memory_available_gb": 14.798015594482422,
  "disk_percent": 54.00153262860561,
  "disk_free_gb": 428.13432693481445,
  "disk_total_gb": 930.7578086853027,
  "process_count": 545,
  "load_average": [
    0,
    0,
    0
  ]
}