{
  "timestamp": "2025-07-20T09:22:15.344422",
  "cpu_percent": 14.5,
  "memory_percent": 54.0,
  "memory_available_gb": 14.700374603271484,
  "disk_percent": 54.02210702518304,
  "disk_free_gb": 427.9428291320801,
  "disk_total_gb": 930.7578086853027,
  "process_count": 548,
  "load_average": [
    0,
    0,
    0
  ]
}