{
  "timestamp": "2025-07-20T08:15:08.274653",
  "cpu_percent": 7.1,
  "memory_percent": 53.8,
  "memory_available_gb": 14.750984191894531,
  "disk_percent": 54.00692992399462,
  "disk_free_gb": 428.08409118652344,
  "disk_total_gb": 930.7578086853027,
  "process_count": 545,
  "load_average": [
    0,
    0,
    0
  ]
}