{
  "timestamp": "2025-07-20T08:54:47.878435",
  "cpu_percent": 49.9,
  "memory_percent": 54.4,
  "memory_available_gb": 14.568862915039062,
  "disk_percent": 54.015642484202644,
  "disk_free_gb": 428.0029983520508,
  "disk_total_gb": 930.7578086853027,
  "process_count": 549,
  "load_average": [
    0,
    0,
    0
  ]
}