{
  "timestamp": "2025-07-20T11:34:27.580146",
  "cpu_percent": 12.9,
  "memory_percent": 55.7,
  "memory_available_gb": 14.156883239746094,
  "disk_percent": 54.04655531013598,
  "disk_free_gb": 427.715274810791,
  "disk_total_gb": 930.7578086853027,
  "process_count": 555,
  "load_average": [
    0,
    0,
    0
  ]
}