{
  "timestamp": "2025-07-20T06:41:34.592055",
  "cpu_percent": 21.9,
  "memory_percent": 53.6,
  "memory_available_gb": 14.827278137207031,
  "disk_percent": 53.99398567763794,
  "disk_free_gb": 428.2045707702637,
  "disk_total_gb": 930.7578086853027,
  "process_count": 548,
  "load_average": [
    0,
    0,
    0
  ]
}