{
  "timestamp": "2025-07-20T05:46:39.586018",
  "cpu_percent": 27.5,
  "memory_percent": 53.5,
  "memory_available_gb": 14.850013732910156,
  "disk_percent": 53.978589717330536,
  "disk_free_gb": 428.3478698730469,
  "disk_total_gb": 930.7578086853027,
  "process_count": 544,
  "load_average": [
    0,
    0,
    0
  ]
}