{
  "timestamp": "2025-07-20T07:47:40.778824",
  "cpu_percent": 6.5,
  "memory_percent": 54.1,
  "memory_available_gb": 14.666080474853516,
  "disk_percent": 54.00075514593016,
  "disk_free_gb": 428.14156341552734,
  "disk_total_gb": 930.7578086853027,
  "process_count": 548,
  "load_average": [
    0,
    0,
    0
  ]
}