{
  "timestamp": "2025-07-20T11:52:45.892628",
  "cpu_percent": 11.8,
  "memory_percent": 55.7,
  "memory_available_gb": 14.12933349609375,
  "disk_percent": 54.04996074163322,
  "disk_free_gb": 427.68357849121094,
  "disk_total_gb": 930.7578086853027,
  "process_count": 549,
  "load_average": [
    0,
    0,
    0
  ]
}