{
  "timestamp": "2025-07-20T10:40:33.671396",
  "cpu_percent": 6.1,
  "memory_percent": 54.7,
  "memory_available_gb": 14.45709228515625,
  "disk_percent": 54.04408925148645,
  "disk_free_gb": 427.7382278442383,
  "disk_total_gb": 930.7578086853027,
  "process_count": 548,
  "load_average": [
    0,
    0,
    0
  ]
}