{
  "timestamp": "2025-07-20T11:22:15.319531",
  "cpu_percent": 8.1,
  "memory_percent": 56.2,
  "memory_available_gb": 13.98788070678711,
  "disk_percent": 54.04427204393413,
  "disk_free_gb": 427.7365264892578,
  "disk_total_gb": 930.7578086853027,
  "process_count": 549,
  "load_average": [
    0,
    0,
    0
  ]
}