{
  "timestamp": "2025-07-20T11:47:40.805819",
  "cpu_percent": 5.7,
  "memory_percent": 56.1,
  "memory_available_gb": 14.018306732177734,
  "disk_percent": 54.05033370380225,
  "disk_free_gb": 427.6801071166992,
  "disk_total_gb": 930.7578086853027,
  "process_count": 551,
  "load_average": [
    0,
    0,
    0
  ]
}