{
  "timestamp": "2025-07-20T09:03:57.023010",
  "cpu_percent": 6.1,
  "memory_percent": 54.4,
  "memory_available_gb": 14.551166534423828,
  "disk_percent": 54.0177855822047,
  "disk_free_gb": 427.9830513000488,
  "disk_total_gb": 930.7578086853027,
  "process_count": 545,
  "load_average": [
    0,
    0,
    0
  ]
}