{
  "timestamp": "2025-07-20T07:45:38.749216",
  "cpu_percent": 11.8,
  "memory_percent": 53.9,
  "memory_available_gb": 14.732837677001953,
  "disk_percent": 53.999988319316685,
  "disk_free_gb": 428.1487007141113,
  "disk_total_gb": 930.7578086853027,
  "process_count": 550,
  "load_average": [
    0,
    0,
    0
  ]
}