{
  "timestamp": "2025-07-20T10:43:36.712603",
  "cpu_percent": 15.8,
  "memory_percent": 55.8,
  "memory_available_gb": 14.115222930908203,
  "disk_percent": 54.044120399975284,
  "disk_free_gb": 427.7379379272461,
  "disk_total_gb": 930.7578086853027,
  "process_count": 548,
  "load_average": [
    0,
    0,
    0
  ]
}