{
  "timestamp": "2025-07-20T08:30:23.505827",
  "cpu_percent": 7.2,
  "memory_percent": 54.3,
  "memory_available_gb": 14.576385498046875,
  "disk_percent": 54.00996362286844,
  "disk_free_gb": 428.0558547973633,
  "disk_total_gb": 930.7578086853027,
  "process_count": 546,
  "load_average": [
    0,
    0,
    0
  ]
}