{
  "timestamp": "2025-07-20T10:56:49.916952",
  "cpu_percent": 9.2,
  "memory_percent": 55.7,
  "memory_available_gb": 14.152095794677734,
  "disk_percent": 54.047606161785865,
  "disk_free_gb": 427.70549392700195,
  "disk_total_gb": 930.7578086853027,
  "process_count": 548,
  "load_average": [
    0,
    0,
    0
  ]
}