{
  "timestamp": "2025-07-20T10:12:05.225310",
  "cpu_percent": 9.4,
  "memory_percent": 54.3,
  "memory_available_gb": 14.584766387939453,
  "disk_percent": 54.03719436954177,
  "disk_free_gb": 427.8024024963379,
  "disk_total_gb": 930.7578086853027,
  "process_count": 547,
  "load_average": [
    0,
    0,
    0
  ]
}