{
  "timestamp": "2025-07-20T05:34:27.358027",
  "cpu_percent": 14.7,
  "memory_percent": 53.2,
  "memory_available_gb": 14.930084228515625,
  "disk_percent": 53.97804502862434,
  "disk_free_gb": 428.3529396057129,
  "disk_total_gb": 930.7578086853027,
  "process_count": 533,
  "load_average": [
    0,
    0,
    0
  ]
}