{
  "timestamp": "2025-07-20T07:53:46.888509",
  "cpu_percent": 18.7,
  "memory_percent": 53.3,
  "memory_available_gb": 14.906620025634766,
  "disk_percent": 54.001801489246134,
  "disk_free_gb": 428.1318244934082,
  "disk_total_gb": 930.7578086853027,
  "process_count": 545,
  "load_average": [
    0,
    0,
    0
  ]
}