{
  "timestamp": "2025-07-20T09:00:53.971905",
  "cpu_percent": 17.3,
  "memory_percent": 54.8,
  "memory_available_gb": 14.420284271240234,
  "disk_percent": 54.017613445819,
  "disk_free_gb": 427.9846534729004,
  "disk_total_gb": 930.7578086853027,
  "process_count": 545,
  "load_average": [
    0,
    0,
    0
  ]
}