{
  "timestamp": "2025-07-20T08:09:02.177135",
  "cpu_percent": 13.3,
  "memory_percent": 54.1,
  "memory_available_gb": 14.653861999511719,
  "disk_percent": 54.00577824960452,
  "disk_free_gb": 428.09481048583984,
  "disk_total_gb": 930.7578086853027,
  "process_count": 548,
  "load_average": [
    0,
    0,
    0
  ]
}