{
  "timestamp": "2025-07-20T08:02:56.032991",
  "cpu_percent": 13.5,
  "memory_percent": 53.4,
  "memory_available_gb": 14.875438690185547,
  "disk_percent": 54.003869994814394,
  "disk_free_gb": 428.1125717163086,
  "disk_total_gb": 930.7578086853027,
  "process_count": 546,
  "load_average": [
    0,
    0,
    0
  ]
}