{
  "timestamp": "2025-07-20T11:10:03.141591",
  "cpu_percent": 26.4,
  "memory_percent": 56.2,
  "memory_available_gb": 13.98114013671875,
  "disk_percent": 54.04118055641652,
  "disk_free_gb": 427.7653007507324,
  "disk_total_gb": 930.7578086853027,
  "process_count": 548,
  "load_average": [
    0,
    0,
    0
  ]
}