{
  "timestamp": "2025-07-20T11:55:48.961740",
  "cpu_percent": 21.6,
  "memory_percent": 55.3,
  "memory_available_gb": 14.28363037109375,
  "disk_percent": 54.05125750240556,
  "disk_free_gb": 427.6715087890625,
  "disk_total_gb": 930.7578086853027,
  "process_count": 551,
  "load_average": [
    0,
    0,
    0
  ]
}