{
  "timestamp": "2025-07-20T05:36:29.401237",
  "cpu_percent": 37.3,
  "memory_percent": 52.0,
  "memory_available_gb": 15.328407287597656,
  "disk_percent": 53.97854463399142,
  "disk_free_gb": 428.3482894897461,
  "disk_total_gb": 930.7578086853027,
  "process_count": 533,
  "load_average": [
    0,
    0,
    0
  ]
}