{
  "timestamp": "2025-07-20T08:37:30.606376",
  "cpu_percent": 8.5,
  "memory_percent": 54.4,
  "memory_available_gb": 14.566593170166016,
  "disk_percent": 54.011573917771884,
  "disk_free_gb": 428.04086685180664,
  "disk_total_gb": 930.7578086853027,
  "process_count": 545,
  "load_average": [
    0,
    0,
    0
  ]
}