{
  "timestamp": "2025-07-20T08:50:43.818985",
  "cpu_percent": 13.9,
  "memory_percent": 54.3,
  "memory_available_gb": 14.604923248291016,
  "disk_percent": 54.01510189398181,
  "disk_free_gb": 428.00802993774414,
  "disk_total_gb": 930.7578086853027,
  "process_count": 552,
  "load_average": [
    0,
    0,
    0
  ]
}