{
  "timestamp": "2025-07-20T11:27:20.438313",
  "cpu_percent": 31.8,
  "memory_percent": 55.1,
  "memory_available_gb": 14.326141357421875,
  "disk_percent": 54.04528641906418,
  "disk_free_gb": 427.7270851135254,
  "disk_total_gb": 930.7578086853027,
  "process_count": 548,
  "load_average": [
    0,
    0,
    0
  ]
}