{
  "timestamp": "2025-07-20T06:19:12.230862",
  "cpu_percent": 19.7,
  "memory_percent": 53.1,
  "memory_available_gb": 14.98971176147461,
  "disk_percent": 53.987846556396235,
  "disk_free_gb": 428.26171112060547,
  "disk_total_gb": 930.7578086853027,
  "process_count": 548,
  "load_average": [
    0,
    0,
    0
  ]
}