{
  "timestamp": "2025-07-20T10:45:38.742973",
  "cpu_percent": 29.5,
  "memory_percent": 55.2,
  "memory_available_gb": 14.29501724243164,
  "disk_percent": 54.044904850075866,
  "disk_free_gb": 427.7306365966797,
  "disk_total_gb": 930.7578086853027,
  "process_count": 554,
  "load_average": [
    0,
    0,
    0
  ]
}