{
  "timestamp": "2025-07-20T06:11:04.088054",
  "cpu_percent": 32.2,
  "memory_percent": 52.9,
  "memory_available_gb": 15.042903900146484,
  "disk_percent": 53.98502065073087,
  "disk_free_gb": 428.28801345825195,
  "disk_total_gb": 930.7578086853027,
  "process_count": 542,
  "load_average": [
    0,
    0,
    0
  ]
}