{
  "timestamp": "2025-07-20T06:35:28.491529",
  "cpu_percent": 9.2,
  "memory_percent": 53.5,
  "memory_available_gb": 14.851146697998047,
  "disk_percent": 53.99274711535792,
  "disk_free_gb": 428.2160987854004,
  "disk_total_gb": 930.7578086853027,
  "process_count": 546,
  "load_average": [
    0,
    0,
    0
  ]
}