{
  "timestamp": "2025-07-20T09:11:04.146125",
  "cpu_percent": 10.4,
  "memory_percent": 54.8,
  "memory_available_gb": 14.437995910644531,
  "disk_percent": 54.01918726420261,
  "disk_free_gb": 427.9700050354004,
  "disk_total_gb": 930.7578086853027,
  "process_count": 544,
  "load_average": [
    0,
    0,
    0
  ]
}