{
  "timestamp": "2025-07-20T06:55:48.916327",
  "cpu_percent": 10.3,
  "memory_percent": 53.9,
  "memory_available_gb": 14.702934265136719,
  "disk_percent": 53.996149677915405,
  "disk_free_gb": 428.1844291687012,
  "disk_total_gb": 930.7578086853027,
  "process_count": 544,
  "load_average": [
    0,
    0,
    0
  ]
}