{
  "timestamp": "2025-07-20T12:02:56.074753",
  "cpu_percent": 19.1,
  "memory_percent": 57.4,
  "memory_available_gb": 13.612388610839844,
  "disk_percent": 54.05286328897508,
  "disk_free_gb": 427.6565628051758,
  "disk_total_gb": 930.7578086853027,
  "process_count": 553,
  "load_average": [
    0,
    0,
    0
  ]
}