{
  "timestamp": "2025-07-20T08:25:18.428517",
  "cpu_percent": 11.3,
  "memory_percent": 54.0,
  "memory_available_gb": 14.674674987792969,
  "disk_percent": 54.009141876550956,
  "disk_free_gb": 428.06350326538086,
  "disk_total_gb": 930.7578086853027,
  "process_count": 544,
  "load_average": [
    0,
    0,
    0
  ]
}