{
  "timestamp": "2025-07-20T09:26:19.403337",
  "cpu_percent": 6.9,
  "memory_percent": 54.1,
  "memory_available_gb": 14.663078308105469,
  "disk_percent": 54.02357961097791,
  "disk_free_gb": 427.9291229248047,
  "disk_total_gb": 930.7578086853027,
  "process_count": 544,
  "load_average": [
    0,
    0,
    0
  ]
}