{
  "timestamp": "2025-07-20T07:12:05.171390",
  "cpu_percent": 13.6,
  "memory_percent": 53.5,
  "memory_available_gb": 14.850955963134766,
  "disk_percent": 53.999421908638,
  "disk_free_gb": 428.1539726257324,
  "disk_total_gb": 930.7578086853027,
  "process_count": 545,
  "load_average": [
    0,
    0,
    0
  ]
}