{
  "timestamp": "2025-07-20T08:14:07.259387",
  "cpu_percent": 6.2,
  "memory_percent": 53.7,
  "memory_available_gb": 14.793140411376953,
  "disk_percent": 54.006505730758406,
  "disk_free_gb": 428.08803939819336,
  "disk_total_gb": 930.7578086853027,
  "process_count": 544,
  "load_average": [
    0,
    0,
    0
  ]
}