{
  "timestamp": "2025-07-20T12:09:02.186828",
  "cpu_percent": 30.8,
  "memory_percent": 56.3,
  "memory_available_gb": 13.965538024902344,
  "disk_percent": 54.05410922852878,
  "disk_free_gb": 427.6449661254883,
  "disk_total_gb": 930.7578086853027,
  "process_count": 549,
  "load_average": [
    0,
    0,
    0
  ]
}