{
  "timestamp": "2025-07-20T10:55:48.903198",
  "cpu_percent": 30.2,
  "memory_percent": 56.3,
  "memory_available_gb": 13.967910766601562,
  "disk_percent": 54.0472471344671,
  "disk_free_gb": 427.70883560180664,
  "disk_total_gb": 930.7578086853027,
  "process_count": 550,
  "load_average": [
    0,
    0,
    0
  ]
}