{
  "timestamp": "2025-07-20T08:35:28.578626",
  "cpu_percent": 10.9,
  "memory_percent": 54.5,
  "memory_available_gb": 14.5396728515625,
  "disk_percent": 54.01086078131681,
  "disk_free_gb": 428.0475044250488,
  "disk_total_gb": 930.7578086853027,
  "process_count": 545,
  "load_average": [
    0,
    0,
    0
  ]
}