{
  "timestamp": "2025-07-20T06:13:06.119463",
  "cpu_percent": 19.3,
  "memory_percent": 53.8,
  "memory_available_gb": 14.749931335449219,
  "disk_percent": 53.984798512823595,
  "disk_free_gb": 428.2900810241699,
  "disk_total_gb": 930.7578086853027,
  "process_count": 544,
  "load_average": [
    0,
    0,
    0
  ]
}