{
  "timestamp": "2025-07-20T11:31:24.524109",
  "cpu_percent": 9.0,
  "memory_percent": 56.0,
  "memory_available_gb": 14.03915786743164,
  "disk_percent": 54.046546703316686,
  "disk_free_gb": 427.7153549194336,
  "disk_total_gb": 930.7578086853027,
  "process_count": 549,
  "load_average": [
    0,
    0,
    0
  ]
}