{
  "timestamp": "2025-07-20T11:30:23.511154",
  "cpu_percent": 8.1,
  "memory_percent": 56.6,
  "memory_available_gb": 13.849822998046875,
  "disk_percent": 54.04627538358493,
  "disk_free_gb": 427.71788024902344,
  "disk_total_gb": 930.7578086853027,
  "process_count": 549,
  "load_average": [
    0,
    0,
    0
  ]
}