{
  "timestamp": "2025-07-20T07:20:13.297232",
  "cpu_percent": 16.9,
  "memory_percent": 54.3,
  "memory_available_gb": 14.599681854248047,
  "disk_percent": 54.00094982398542,
  "disk_free_gb": 428.1397514343262,
  "disk_total_gb": 930.7578086853027,
  "process_count": 545,
  "load_average": [
    0,
    0,
    0
  ]
}