{
  "timestamp": "2025-07-20T08:39:32.648240",
  "cpu_percent": 36.2,
  "memory_percent": 54.1,
  "memory_available_gb": 14.641895294189453,
  "disk_percent": 54.01273993686079,
  "disk_free_gb": 428.03001403808594,
  "disk_total_gb": 930.7578086853027,
  "process_count": 558,
  "load_average": [
    0,
    0,
    0
  ]
}