{
  "timestamp": "2025-07-20T06:04:57.987612",
  "cpu_percent": 23.7,
  "memory_percent": 53.2,
  "memory_available_gb": 14.95498275756836,
  "disk_percent": 53.98302140956544,
  "disk_free_gb": 428.3066215515137,
  "disk_total_gb": 930.7578086853027,
  "process_count": 551,
  "load_average": [
    0,
    0,
    0
  ]
}