{
  "timestamp": "2025-07-20T09:58:51.964054",
  "cpu_percent": 18.5,
  "memory_percent": 55.3,
  "memory_available_gb": 14.283134460449219,
  "disk_percent": 54.03479921468922,
  "disk_free_gb": 427.8246955871582,
  "disk_total_gb": 930.7578086853027,
  "process_count": 548,
  "load_average": [
    0,
    0,
    0
  ]
}