{
  "timestamp": "2025-07-20T11:13:06.186864",
  "cpu_percent": 5.3,
  "memory_percent": 55.8,
  "memory_available_gb": 14.097366333007812,
  "disk_percent": 54.04229821337802,
  "disk_free_gb": 427.75489807128906,
  "disk_total_gb": 930.7578086853027,
  "process_count": 549,
  "load_average": [
    0,
    0,
    0
  ]
}