{
  "timestamp": "2025-07-20T08:43:36.703538",
  "cpu_percent": 6.4,
  "memory_percent": 54.2,
  "memory_available_gb": 14.631065368652344,
  "disk_percent": 54.01400636884135,
  "disk_free_gb": 428.01822662353516,
  "disk_total_gb": 930.7578086853027,
  "process_count": 546,
  "load_average": [
    0,
    0,
    0
  ]
}