{
  "timestamp": "2025-07-20T09:33:26.507658",
  "cpu_percent": 6.3,
  "memory_percent": 54.9,
  "memory_available_gb": 14.410903930664062,
  "disk_percent": 54.01547280690816,
  "disk_free_gb": 428.00457763671875,
  "disk_total_gb": 930.7578086853027,
  "process_count": 547,
  "load_average": [
    0,
    0,
    0
  ]
}