{
  "timestamp": "2025-07-20T11:09:02.124881",
  "cpu_percent": 8.4,
  "memory_percent": 56.7,
  "memory_available_gb": 13.819637298583984,
  "disk_percent": 54.04083751319072,
  "disk_free_gb": 427.76849365234375,
  "disk_total_gb": 930.7578086853027,
  "process_count": 549,
  "load_average": [
    0,
    0,
    0
  ]
}