{
  "timestamp": "2025-07-20T08:26:19.446514",
  "cpu_percent": 17.4,
  "memory_percent": 53.9,
  "memory_available_gb": 14.722064971923828,
  "disk_percent": 54.00961853039995,
  "disk_free_gb": 428.05906677246094,
  "disk_total_gb": 930.7578086853027,
  "process_count": 547,
  "load_average": [
    0,
    0,
    0
  ]
}