{
  "timestamp": "2025-07-20T09:51:44.823702",
  "cpu_percent": 13.0,
  "memory_percent": 55.6,
  "memory_available_gb": 14.168914794921875,
  "disk_percent": 54.008917689401,
  "disk_free_gb": 428.06558990478516,
  "disk_total_gb": 930.7578086853027,
  "process_count": 549,
  "load_average": [
    0,
    0,
    0
  ]
}