{
  "timestamp": "2025-07-20T06:51:44.797007",
  "cpu_percent": 10.6,
  "memory_percent": 53.5,
  "memory_available_gb": 14.836822509765625,
  "disk_percent": 53.99584966878602,
  "disk_free_gb": 428.1872215270996,
  "disk_total_gb": 930.7578086853027,
  "process_count": 548,
  "load_average": [
    0,
    0,
    0
  ]
}