{
  "timestamp": "2025-07-20T10:22:15.385439",
  "cpu_percent": 8.3,
  "memory_percent": 54.9,
  "memory_available_gb": 14.407279968261719,
  "disk_percent": 54.039821498666505,
  "disk_free_gb": 427.77795028686523,
  "disk_total_gb": 930.7578086853027,
  "process_count": 550,
  "load_average": [
    0,
    0,
    0
  ]
}