{
  "timestamp": "2025-07-20T09:05:59.052199",
  "cpu_percent": 10.3,
  "memory_percent": 55.1,
  "memory_available_gb": 14.349689483642578,
  "disk_percent": 54.01847740653584,
  "disk_free_gb": 427.97661209106445,
  "disk_total_gb": 930.7578086853027,
  "process_count": 546,
  "load_average": [
    0,
    0,
    0
  ]
}