{
  "timestamp": "2025-07-20T07:40:33.647692",
  "cpu_percent": 5.6,
  "memory_percent": 53.2,
  "memory_available_gb": 14.956626892089844,
  "disk_percent": 53.99910591541567,
  "disk_free_gb": 428.1569137573242,
  "disk_total_gb": 930.7578086853027,
  "process_count": 544,
  "load_average": [
    0,
    0,
    0
  ]
}