{
  "timestamp": "2025-07-20T06:26:19.335202",
  "cpu_percent": 6.5,
  "memory_percent": 53.3,
  "memory_available_gb": 14.92327880859375,
  "disk_percent": 53.990449094608714,
  "disk_free_gb": 428.23748779296875,
  "disk_total_gb": 930.7578086853027,
  "process_count": 547,
  "load_average": [
    0,
    0,
    0
  ]
}