{
  "timestamp": "2025-07-20T07:46:39.763168",
  "cpu_percent": 10.5,
  "memory_percent": 53.6,
  "memory_available_gb": 14.827938079833984,
  "disk_percent": 54.00043751331367,
  "disk_free_gb": 428.1445198059082,
  "disk_total_gb": 930.7578086853027,
  "process_count": 548,
  "load_average": [
    0,
    0,
    0
  ]
}