{
  "timestamp": "2025-07-20T08:56:49.908018",
  "cpu_percent": 7.6,
  "memory_percent": 54.2,
  "memory_available_gb": 14.616153717041016,
  "disk_percent": 54.01634578429282,
  "disk_free_gb": 427.99645233154297,
  "disk_total_gb": 930.7578086853027,
  "process_count": 544,
  "load_average": [
    0,
    0,
    0
  ]
}