{
  "timestamp": "2025-07-20T08:33:26.550298",
  "cpu_percent": 32.7,
  "memory_percent": 54.1,
  "memory_available_gb": 14.667892456054688,
  "disk_percent": 54.011076771496015,
  "disk_free_gb": 428.04549407958984,
  "disk_total_gb": 930.7578086853027,
  "process_count": 550,
  "load_average": [
    0,
    0,
    0
  ]
}