{
  "timestamp": "2025-07-20T08:59:52.954777",
  "cpu_percent": 8.2,
  "memory_percent": 54.1,
  "memory_available_gb": 14.657440185546875,
  "disk_percent": 54.017191711674016,
  "disk_free_gb": 427.9885787963867,
  "disk_total_gb": 930.7578086853027,
  "process_count": 546,
  "load_average": [
    0,
    0,
    0
  ]
}