{
  "timestamp": "2025-07-20T11:11:04.157790",
  "cpu_percent": 18.5,
  "memory_percent": 55.3,
  "memory_available_gb": 14.264575958251953,
  "disk_percent": 54.04160597919834,
  "disk_free_gb": 427.7613410949707,
  "disk_total_gb": 930.7578086853027,
  "process_count": 548,
  "load_average": [
    0,
    0,
    0
  ]
}