{
  "timestamp": "2025-07-20T11:38:31.669429",
  "cpu_percent": 17.5,
  "memory_percent": 56.5,
  "memory_available_gb": 13.90268325805664,
  "disk_percent": 54.04797379592391,
  "disk_free_gb": 427.7020721435547,
  "disk_total_gb": 930.7578086853027,
  "process_count": 560,
  "load_average": [
    0,
    0,
    0
  ]
}