{
  "timestamp": "2025-07-20T09:34:27.523819",
  "cpu_percent": 23.9,
  "memory_percent": 54.2,
  "memory_available_gb": 14.619766235351562,
  "disk_percent": 54.015101484133275,
  "disk_free_gb": 428.0080337524414,
  "disk_total_gb": 930.7578086853027,
  "process_count": 549,
  "load_average": [
    0,
    0,
    0
  ]
}