{
  "timestamp": "2025-07-20T12:08:01.171649",
  "cpu_percent": 22.9,
  "memory_percent": 57.1,
  "memory_available_gb": 13.701335906982422,
  "disk_percent": 54.05458629222631,
  "disk_free_gb": 427.6405258178711,
  "disk_total_gb": 930.7578086853027,
  "process_count": 549,
  "load_average": [
    0,
    0,
    0
  ]
}