{
  "timestamp": "2025-07-20T05:45:38.567635",
  "cpu_percent": 31.6,
  "memory_percent": 53.1,
  "memory_available_gb": 14.976871490478516,
  "disk_percent": 53.97907784693858,
  "disk_free_gb": 428.3433265686035,
  "disk_total_gb": 930.7578086853027,
  "process_count": 543,
  "load_average": [
    0,
    0,
    0
  ]
}