{
  "timestamp": "2025-07-20T10:10:03.135854",
  "cpu_percent": 12.2,
  "memory_percent": 54.7,
  "memory_available_gb": 14.477226257324219,
  "disk_percent": 54.036472216418886,
  "disk_free_gb": 427.8091239929199,
  "disk_total_gb": 930.7578086853027,
  "process_count": 548,
  "load_average": [
    0,
    0,
    0
  ]
}