{
  "timestamp": "2025-07-20T08:41:34.676040",
  "cpu_percent": 21.0,
  "memory_percent": 53.9,
  "memory_available_gb": 14.727073669433594,
  "disk_percent": 54.013379300579125,
  "disk_free_gb": 428.02406311035156,
  "disk_total_gb": 930.7578086853027,
  "process_count": 547,
  "load_average": [
    0,
    0,
    0
  ]
}