{
  "timestamp": "2025-07-20T12:16:09.295722",
  "cpu_percent": 33.5,
  "memory_percent": 57.6,
  "memory_available_gb": 13.53519058227539,
  "disk_percent": 54.048891856647685,
  "disk_free_gb": 427.6935272216797,
  "disk_total_gb": 930.7578086853027,
  "process_count": 554,
  "load_average": [
    0,
    0,
    0
  ]
}