{
  "timestamp": "2025-07-20T11:39:32.686146",
  "cpu_percent": 11.1,
  "memory_percent": 56.8,
  "memory_available_gb": 13.805408477783203,
  "disk_percent": 54.04830003535969,
  "disk_free_gb": 427.69903564453125,
  "disk_total_gb": 930.7578086853027,
  "process_count": 549,
  "load_average": [
    0,
    0,
    0
  ]
}