{
  "timestamp": "2025-07-20T10:41:34.685709",
  "cpu_percent": 12.1,
  "memory_percent": 55.8,
  "memory_available_gb": 14.109214782714844,
  "disk_percent": 54.044429015923946,
  "disk_free_gb": 427.7350654602051,
  "disk_total_gb": 930.7578086853027,
  "process_count": 547,
  "load_average": [
    0,
    0,
    0
  ]
}