{
  "timestamp": "2025-07-20T07:13:06.188459",
  "cpu_percent": 19.4,
  "memory_percent": 54.4,
  "memory_available_gb": 14.555992126464844,
  "disk_percent": 53.99973052458667,
  "disk_free_gb": 428.1511001586914,
  "disk_total_gb": 930.7578086853027,
  "process_count": 553,
  "load_average": [
    0,
    0,
    0
  ]
}