{
  "timestamp": "2025-07-20T05:59:52.891329",
  "cpu_percent": 48.8,
  "memory_percent": 53.6,
  "memory_available_gb": 14.816856384277344,
  "disk_percent": 53.982032445044695,
  "disk_free_gb": 428.3158264160156,
  "disk_total_gb": 930.7578086853027,
  "process_count": 551,
  "load_average": [
    0,
    0,
    0
  ]
}