{
  "timestamp": "2025-07-20T07:48:41.792210",
  "cpu_percent": 8.5,
  "memory_percent": 53.5,
  "memory_available_gb": 14.849552154541016,
  "disk_percent": 54.00104777778586,
  "disk_free_gb": 428.1388397216797,
  "disk_total_gb": 930.7578086853027,
  "process_count": 548,
  "load_average": [
    0,
    0,
    0
  ]
}