{
  "timestamp": "2025-07-20T10:24:17.416500",
  "cpu_percent": 7.1,
  "memory_percent": 55.6,
  "memory_available_gb": 14.191478729248047,
  "disk_percent": 54.04045348511117,
  "disk_free_gb": 427.77206802368164,
  "disk_total_gb": 930.7578086853027,
  "process_count": 548,
  "load_average": [
    0,
    0,
    0
  ]
}