{
  "timestamp": "2025-07-20T07:37:30.603187",
  "cpu_percent": 15.0,
  "memory_percent": 53.6,
  "memory_available_gb": 14.811515808105469,
  "disk_percent": 53.99817105090185,
  "disk_free_gb": 428.1656150817871,
  "disk_total_gb": 930.7578086853027,
  "process_count": 545,
  "load_average": [
    0,
    0,
    0
  ]
}