{
  "timestamp": "2025-07-20T10:46:39.757330",
  "cpu_percent": 6.6,
  "memory_percent": 55.9,
  "memory_available_gb": 14.093917846679688,
  "disk_percent": 54.04522781072334,
  "disk_free_gb": 427.7276306152344,
  "disk_total_gb": 930.7578086853027,
  "process_count": 550,
  "load_average": [
    0,
    0,
    0
  ]
}