{
  "timestamp": "2025-07-20T11:32:25.550409",
  "cpu_percent": 18.9,
  "memory_percent": 57.0,
  "memory_available_gb": 13.725967407226562,
  "disk_percent": 54.04683031850457,
  "disk_free_gb": 427.7127151489258,
  "disk_total_gb": 930.7578086853027,
  "process_count": 552,
  "load_average": [
    0,
    0,
    0
  ]
}