{
  "timestamp": "2025-07-20T06:31:24.425677",
  "cpu_percent": 29.0,
  "memory_percent": 52.8,
  "memory_available_gb": 15.069644927978516,
  "disk_percent": 53.99151552050303,
  "disk_free_gb": 428.2275619506836,
  "disk_total_gb": 930.7578086853027,
  "process_count": 546,
  "load_average": [
    0,
    0,
    0
  ]
}