{
  "timestamp": "2025-07-20T10:21:14.373538",
  "cpu_percent": 16.5,
  "memory_percent": 56.1,
  "memory_available_gb": 14.027023315429688,
  "disk_percent": 54.03960018045632,
  "disk_free_gb": 427.7800102233887,
  "disk_total_gb": 930.7578086853027,
  "process_count": 549,
  "load_average": [
    0,
    0,
    0
  ]
}