{
  "timestamp": "2025-07-20T05:37:30.426575",
  "cpu_percent": 33.1,
  "memory_percent": 52.1,
  "memory_available_gb": 15.306098937988281,
  "disk_percent": 53.97870816355784,
  "disk_free_gb": 428.3467674255371,
  "disk_total_gb": 930.7578086853027,
  "process_count": 535,
  "load_average": [
    0,
    0,
    0
  ]
}