{
  "timestamp": "2025-07-20T07:29:22.468725",
  "cpu_percent": 31.3,
  "memory_percent": 53.0,
  "memory_available_gb": 15.000740051269531,
  "disk_percent": 54.00295357348477,
  "disk_free_gb": 428.12110137939453,
  "disk_total_gb": 930.7578086853027,
  "process_count": 546,
  "load_average": [
    0,
    0,
    0
  ]
}