{
  "timestamp": "2025-07-20T10:54:47.879090",
  "cpu_percent": 32.3,
  "memory_percent": 55.9,
  "memory_available_gb": 14.082767486572266,
  "disk_percent": 54.04730205417112,
  "disk_free_gb": 427.70832443237305,
  "disk_total_gb": 930.7578086853027,
  "process_count": 549,
  "load_average": [
    0,
    0,
    0
  ]
}