{
  "timestamp": "2025-07-20T11:56:49.978385",
  "cpu_percent": 12.3,
  "memory_percent": 56.2,
  "memory_available_gb": 13.980804443359375,
  "disk_percent": 54.05158825017523,
  "disk_free_gb": 427.66843032836914,
  "disk_total_gb": 930.7578086853027,
  "process_count": 553,
  "load_average": [
    0,
    0,
    0
  ]
}