{
  "timestamp": "2025-07-20T09:53:46.881544",
  "cpu_percent": 9.9,
  "memory_percent": 55.6,
  "memory_available_gb": 14.188961029052734,
  "disk_percent": 54.009535331146864,
  "disk_free_gb": 428.05984115600586,
  "disk_total_gb": 930.7578086853027,
  "process_count": 548,
  "load_average": [
    0,
    0,
    0
  ]
}