{
  "timestamp": "2025-07-20T06:25:18.321682",
  "cpu_percent": 8.0,
  "memory_percent": 52.8,
  "memory_available_gb": 15.08230972290039,
  "disk_percent": 53.99009785441217,
  "disk_free_gb": 428.2407569885254,
  "disk_total_gb": 930.7578086853027,
  "process_count": 547,
  "load_average": [
    0,
    0,
    0
  ]
}