{
  "timestamp": "2025-07-20T08:10:03.194219",
  "cpu_percent": 8.7,
  "memory_percent": 54.4,
  "memory_available_gb": 14.572601318359375,
  "disk_percent": 54.005224134381955,
  "disk_free_gb": 428.09996795654297,
  "disk_total_gb": 930.7578086853027,
  "process_count": 544,
  "load_average": [
    0,
    0,
    0
  ]
}