{
  "timestamp": "2025-07-20T10:00:53.996880",
  "cpu_percent": 13.9,
  "memory_percent": 56.1,
  "memory_available_gb": 14.019889831542969,
  "disk_percent": 54.034652488912826,
  "disk_free_gb": 427.8260612487793,
  "disk_total_gb": 930.7578086853027,
  "process_count": 548,
  "load_average": [
    0,
    0,
    0
  ]
}