{
  "timestamp": "2025-07-20T06:07:00.020509",
  "cpu_percent": 31.5,
  "memory_percent": 53.0,
  "memory_available_gb": 14.99123764038086,
  "disk_percent": 53.983772661934495,
  "disk_free_gb": 428.2996292114258,
  "disk_total_gb": 930.7578086853027,
  "process_count": 544,
  "load_average": [
    0,
    0,
    0
  ]
}