{
  "timestamp": "2025-07-20T08:49:42.803121",
  "cpu_percent": 19.8,
  "memory_percent": 54.4,
  "memory_available_gb": 14.54476547241211,
  "disk_percent": 54.014750243936724,
  "disk_free_gb": 428.01130294799805,
  "disk_total_gb": 930.7578086853027,
  "process_count": 549,
  "load_average": [
    0,
    0,
    0
  ]
}