{
  "timestamp": "2025-07-20T11:08:01.110581",
  "cpu_percent": 16.9,
  "memory_percent": 55.6,
  "memory_available_gb": 14.164794921875,
  "disk_percent": 54.040565783610425,
  "disk_free_gb": 427.77102279663086,
  "disk_total_gb": 930.7578086853027,
  "process_count": 549,
  "load_average": [
    0,
    0,
    0
  ]
}