{
  "timestamp": "2025-07-20T09:24:17.374895",
  "cpu_percent": 13.4,
  "memory_percent": 54.4,
  "memory_available_gb": 14.574478149414062,
  "disk_percent": 54.022762372994336,
  "disk_free_gb": 427.93672943115234,
  "disk_total_gb": 930.7578086853027,
  "process_count": 554,
  "load_average": [
    0,
    0,
    0
  ]
}