{
  "timestamp": "2025-07-20T06:53:46.886455",
  "cpu_percent": 24.5,
  "memory_percent": 54.2,
  "memory_available_gb": 14.617835998535156,
  "disk_percent": 53.995627940727296,
  "disk_free_gb": 428.1892852783203,
  "disk_total_gb": 930.7578086853027,
  "process_count": 554,
  "load_average": [
    0,
    0,
    0
  ]
}