{
  "timestamp": "2025-07-20T08:07:00.101932",
  "cpu_percent": 45.2,
  "memory_percent": 54.0,
  "memory_available_gb": 14.685493469238281,
  "disk_percent": 54.005179870739916,
  "disk_free_gb": 428.10037994384766,
  "disk_total_gb": 930.7578086853027,
  "process_count": 549,
  "load_average": [
    0,
    0,
    0
  ]
}