{
  "timestamp": "2025-07-20T10:33:26.557339",
  "cpu_percent": 6.5,
  "memory_percent": 55.3,
  "memory_available_gb": 14.276519775390625,
  "disk_percent": 54.042333050503686,
  "disk_free_gb": 427.7545738220215,
  "disk_total_gb": 930.7578086853027,
  "process_count": 549,
  "load_average": [
    0,
    0,
    0
  ]
}