{
  "timestamp": "2025-07-20T10:20:13.357799",
  "cpu_percent": 19.5,
  "memory_percent": 56.4,
  "memory_available_gb": 13.920753479003906,
  "disk_percent": 54.03906081978109,
  "disk_free_gb": 427.78503036499023,
  "disk_total_gb": 930.7578086853027,
  "process_count": 551,
  "load_average": [
    0,
    0,
    0
  ]
}