{
  "timestamp": "2025-07-20T06:22:15.278210",
  "cpu_percent": 7.8,
  "memory_percent": 53.8,
  "memory_available_gb": 14.746700286865234,
  "disk_percent": 53.98898060729922,
  "disk_free_gb": 428.2511558532715,
  "disk_total_gb": 930.7578086853027,
  "process_count": 548,
  "load_average": [
    0,
    0,
    0
  ]
}