{
  "timestamp": "2025-07-20T06:46:39.666164",
  "cpu_percent": 7.6,
  "memory_percent": 53.7,
  "memory_available_gb": 14.786373138427734,
  "disk_percent": 53.99433568828888,
  "disk_free_gb": 428.2013130187988,
  "disk_total_gb": 930.7578086853027,
  "process_count": 547,
  "load_average": [
    0,
    0,
    0
  ]
}