{
  "timestamp": "2025-07-20T09:42:35.691285",
  "cpu_percent": 11.3,
  "memory_percent": 55.5,
  "memory_available_gb": 14.21524429321289,
  "disk_percent": 54.01711711924021,
  "disk_free_gb": 427.98927307128906,
  "disk_total_gb": 930.7578086853027,
  "process_count": 544,
  "load_average": [
    0,
    0,
    0
  ]
}