{
  "timestamp": "2025-07-20T05:50:43.676441",
  "cpu_percent": 42.9,
  "memory_percent": 52.9,
  "memory_available_gb": 15.022666931152344,
  "disk_percent": 53.97976967126971,
  "disk_free_gb": 428.33688735961914,
  "disk_total_gb": 930.7578086853027,
  "process_count": 545,
  "load_average": [
    0,
    0,
    0
  ]
}