{
  "timestamp": "2025-07-20T07:02:56.021963",
  "cpu_percent": 20.3,
  "memory_percent": 54.9,
  "memory_available_gb": 14.407573699951172,
  "disk_percent": 53.9975173424847,
  "disk_free_gb": 428.1716995239258,
  "disk_total_gb": 930.7578086853027,
  "process_count": 546,
  "load_average": [
    0,
    0,
    0
  ]
}