{
  "timestamp": "2025-07-20T05:58:51.871717",
  "cpu_percent": 16.5,
  "memory_percent": 53.0,
  "memory_available_gb": 15.021892547607422,
  "disk_percent": 53.981560709378144,
  "disk_free_gb": 428.32021713256836,
  "disk_total_gb": 930.7578086853027,
  "process_count": 547,
  "load_average": [
    0,
    0,
    0
  ]
}