{
  "timestamp": "2025-07-20T09:54:47.901084",
  "cpu_percent": 32.0,
  "memory_percent": 55.1,
  "memory_available_gb": 14.34299087524414,
  "disk_percent": 54.009865669068006,
  "disk_free_gb": 428.05676651000977,
  "disk_total_gb": 930.7578086853027,
  "process_count": 549,
  "load_average": [
    0,
    0,
    0
  ]
}