{
  "timestamp": "2025-07-20T08:29:22.490265",
  "cpu_percent": 21.6,
  "memory_percent": 53.7,
  "memory_available_gb": 14.776260375976562,
  "disk_percent": 54.00966566298175,
  "disk_free_gb": 428.0586280822754,
  "disk_total_gb": 930.7578086853027,
  "process_count": 545,
  "load_average": [
    0,
    0,
    0
  ]
}