{
  "timestamp": "2025-07-20T08:38:31.628664",
  "cpu_percent": 29.0,
  "memory_percent": 54.5,
  "memory_available_gb": 14.531970977783203,
  "disk_percent": 54.012023521617415,
  "disk_free_gb": 428.03668212890625,
  "disk_total_gb": 930.7578086853027,
  "process_count": 560,
  "load_average": [
    0,
    0,
    0
  ]
}