{
  "timestamp": "2025-07-20T08:45:38.734616",
  "cpu_percent": 8.5,
  "memory_percent": 53.8,
  "memory_available_gb": 14.759658813476562,
  "disk_percent": 54.013539141508716,
  "disk_free_gb": 428.02257537841797,
  "disk_total_gb": 930.7578086853027,
  "process_count": 548,
  "load_average": [
    0,
    0,
    0
  ]
}