{
  "timestamp": "2025-07-20T08:52:45.846628",
  "cpu_percent": 10.6,
  "memory_percent": 54.9,
  "memory_available_gb": 14.384048461914062,
  "disk_percent": 54.01499000533111,
  "disk_free_gb": 428.00907135009766,
  "disk_total_gb": 930.7578086853027,
  "process_count": 546,
  "load_average": [
    0,
    0,
    0
  ]
}