{
  "timestamp": "2025-07-20T07:36:29.589208",
  "cpu_percent": 8.6,
  "memory_percent": 53.9,
  "memory_available_gb": 14.719085693359375,
  "disk_percent": 53.99790260010986,
  "disk_free_gb": 428.1681137084961,
  "disk_total_gb": 930.7578086853027,
  "process_count": 546,
  "load_average": [
    0,
    0,
    0
  ]
}