{
  "timestamp": "2025-07-20T06:54:47.901166",
  "cpu_percent": 8.5,
  "memory_percent": 53.9,
  "memory_available_gb": 14.7042236328125,
  "disk_percent": 53.995880407426334,
  "disk_free_gb": 428.1869354248047,
  "disk_total_gb": 930.7578086853027,
  "process_count": 545,
  "load_average": [
    0,
    0,
    0
  ]
}