{
  "timestamp": "2025-07-20T06:15:08.163811",
  "cpu_percent": 29.1,
  "memory_percent": 54.1,
  "memory_available_gb": 14.659965515136719,
  "disk_percent": 53.98585961068692,
  "disk_free_gb": 428.2802047729492,
  "disk_total_gb": 930.7578086853027,
  "process_count": 547,
  "load_average": [
    0,
    0,
    0
  ]
}