{
  "timestamp": "2025-07-20T08:00:54.003474",
  "cpu_percent": 5.3,
  "memory_percent": 54.0,
  "memory_available_gb": 14.69943618774414,
  "disk_percent": 54.00320645003234,
  "disk_free_gb": 428.11874771118164,
  "disk_total_gb": 930.7578086853027,
  "process_count": 545,
  "load_average": [
    0,
    0,
    0
  ]
}