{
  "timestamp": "2025-07-20T09:09:02.118256",
  "cpu_percent": 30.0,
  "memory_percent": 54.3,
  "memory_available_gb": 14.580856323242188,
  "disk_percent": 54.019414730140866,
  "disk_free_gb": 427.96788787841797,
  "disk_total_gb": 930.7578086853027,
  "process_count": 551,
  "load_average": [
    0,
    0,
    0
  ]
}