{
  "timestamp": "2025-07-20T09:21:14.329506",
  "cpu_percent": 6.6,
  "memory_percent": 54.9,
  "memory_available_gb": 14.39614486694336,
  "disk_percent": 54.021783244838495,
  "disk_free_gb": 427.9458427429199,
  "disk_total_gb": 930.7578086853027,
  "process_count": 546,
  "load_average": [
    0,
    0,
    0
  ]
}