{
  "timestamp": "2025-07-20T06:02:55.954536",
  "cpu_percent": 30.1,
  "memory_percent": 52.7,
  "memory_available_gb": 15.102287292480469,
  "disk_percent": 53.98313903609567,
  "disk_free_gb": 428.30552673339844,
  "disk_total_gb": 930.7578086853027,
  "process_count": 549,
  "load_average": [
    0,
    0,
    0
  ]
}