{
  "timestamp": "2025-07-20T07:25:18.395740",
  "cpu_percent": 6.8,
  "memory_percent": 53.6,
  "memory_available_gb": 14.805110931396484,
  "disk_percent": 54.00252569161172,
  "disk_free_gb": 428.12508392333984,
  "disk_total_gb": 930.7578086853027,
  "process_count": 544,
  "load_average": [
    0,
    0,
    0
  ]
}