{
  "timestamp": "2025-07-20T10:52:45.849478",
  "cpu_percent": 16.5,
  "memory_percent": 54.8,
  "memory_available_gb": 14.421794891357422,
  "disk_percent": 54.0466585919674,
  "disk_free_gb": 427.7143135070801,
  "disk_total_gb": 930.7578086853027,
  "process_count": 549,
  "load_average": [
    0,
    0,
    0
  ]
}