{
  "timestamp": "2025-07-20T06:45:38.651938",
  "cpu_percent": 7.3,
  "memory_percent": 53.1,
  "memory_available_gb": 14.972579956054688,
  "disk_percent": 53.994367246626254,
  "disk_free_gb": 428.2010192871094,
  "disk_total_gb": 930.7578086853027,
  "process_count": 546,
  "load_average": [
    0,
    0,
    0
  ]
}