{
  "timestamp": "2025-07-20T08:04:58.066319",
  "cpu_percent": 15.6,
  "memory_percent": 53.9,
  "memory_available_gb": 14.727863311767578,
  "disk_percent": 54.004552802477704,
  "disk_free_gb": 428.10621643066406,
  "disk_total_gb": 930.7578086853027,
  "process_count": 548,
  "load_average": [
    0,
    0,
    0
  ]
}