{
  "timestamp": "2025-07-20T07:17:10.253080",
  "cpu_percent": 9.8,
  "memory_percent": 53.7,
  "memory_available_gb": 14.790435791015625,
  "disk_percent": 54.00093424974101,
  "disk_free_gb": 428.13989639282227,
  "disk_total_gb": 930.7578086853027,
  "process_count": 546,
  "load_average": [
    0,
    0,
    0
  ]
}