{
  "timestamp": "2025-07-20T06:01:54.926057",
  "cpu_percent": 33.9,
  "memory_percent": 53.4,
  "memory_available_gb": 14.894145965576172,
  "disk_percent": 53.98290255348959,
  "disk_free_gb": 428.3077278137207,
  "disk_total_gb": 930.7578086853027,
  "process_count": 551,
  "load_average": [
    0,
    0,
    0
  ]
}