{
  "timestamp": "2025-07-20T06:14:07.145498",
  "cpu_percent": 47.2,
  "memory_percent": 53.9,
  "memory_available_gb": 14.73232650756836,
  "disk_percent": 53.985497304579866,
  "disk_free_gb": 428.28357696533203,
  "disk_total_gb": 930.7578086853027,
  "process_count": 550,
  "load_average": [
    0,
    0,
    0
  ]
}