{
  "timestamp": "2025-07-20T07:21:14.332296",
  "cpu_percent": 17.1,
  "memory_percent": 55.0,
  "memory_available_gb": 14.354251861572266,
  "disk_percent": 54.00131540888078,
  "disk_free_gb": 428.13634872436523,
  "disk_total_gb": 930.7578086853027,
  "process_count": 556,
  "load_average": [
    0,
    0,
    0
  ]
}