{
  "timestamp": "2025-07-20T10:37:30.627801",
  "cpu_percent": 5.7,
  "memory_percent": 55.2,
  "memory_available_gb": 14.29946517944336,
  "disk_percent": 54.04292938012561,
  "disk_free_gb": 427.7490234375,
  "disk_total_gb": 930.7578086853027,
  "process_count": 554,
  "load_average": [
    0,
    0,
    0
  ]
}