{
  "timestamp": "2025-07-20T06:43:36.622009",
  "cpu_percent": 7.5,
  "memory_percent": 54.0,
  "memory_available_gb": 14.676517486572266,
  "disk_percent": 53.99460741786917,
  "disk_free_gb": 428.1987838745117,
  "disk_total_gb": 930.7578086853027,
  "process_count": 545,
  "load_average": [
    0,
    0,
    0
  ]
}