{
  "timestamp": "2025-07-20T06:50:43.754481",
  "cpu_percent": 33.2,
  "memory_percent": 52.8,
  "memory_available_gb": 15.084728240966797,
  "disk_percent": 53.99547629676845,
  "disk_free_gb": 428.1906967163086,
  "disk_total_gb": 930.7578086853027,
  "process_count": 546,
  "load_average": [
    0,
    0,
    0
  ]
}