{
  "timestamp": "2025-07-20T07:34:27.540686",
  "cpu_percent": 4.9,
  "memory_percent": 54.8,
  "memory_available_gb": 14.439369201660156,
  "disk_percent": 54.00455239262916,
  "disk_free_gb": 428.1062202453613,
  "disk_total_gb": 930.7578086853027,
  "process_count": 545,
  "load_average": [
    0,
    0,
    0
  ]
}