{
  "timestamp": "2025-07-20T07:01:55.009818",
  "cpu_percent": 9.6,
  "memory_percent": 54.7,
  "memory_available_gb": 14.450065612792969,
  "disk_percent": 53.99811490165223,
  "disk_free_gb": 428.1661376953125,
  "disk_total_gb": 930.7578086853027,
  "process_count": 548,
  "load_average": [
    0,
    0,
    0
  ]
}