{
  "timestamp": "2025-07-20T10:53:46.862198",
  "cpu_percent": 13.7,
  "memory_percent": 56.6,
  "memory_available_gb": 13.864734649658203,
  "disk_percent": 54.04703319353058,
  "disk_free_gb": 427.7108268737793,
  "disk_total_gb": 930.7578086853027,
  "process_count": 555,
  "load_average": [
    0,
    0,
    0
  ]
}