{
  "timestamp": "2025-07-20T12:22:15.388462",
  "cpu_percent": 11.3,
  "memory_percent": 56.4,
  "memory_available_gb": 13.927925109863281,
  "disk_percent": 54.05098495312819,
  "disk_free_gb": 427.67404556274414,
  "disk_total_gb": 930.7578086853027,
  "process_count": 552,
  "load_average": [
    0,
    0,
    0
  ]
}