{
  "timestamp": "2025-07-20T09:52:45.869316",
  "cpu_percent": 6.1,
  "memory_percent": 56.3,
  "memory_available_gb": 13.939273834228516,
  "disk_percent": 54.00927507732561,
  "disk_free_gb": 428.06226348876953,
  "disk_total_gb": 930.7578086853027,
  "process_count": 552,
  "load_average": [
    0,
    0,
    0
  ]
}