{
  "timestamp": "2025-07-20T07:15:08.221159",
  "cpu_percent": 6.0,
  "memory_percent": 54.7,
  "memory_available_gb": 14.45761489868164,
  "disk_percent": 54.000222752680074,
  "disk_free_gb": 428.1465187072754,
  "disk_total_gb": 930.7578086853027,
  "process_count": 546,
  "load_average": [
    0,
    0,
    0
  ]
}