{
  "timestamp": "2025-07-20T10:58:51.958699",
  "cpu_percent": 18.0,
  "memory_percent": 55.9,
  "memory_available_gb": 14.083614349365234,
  "disk_percent": 54.04829388763163,
  "disk_free_gb": 427.69909286499023,
  "disk_total_gb": 930.7578086853027,
  "process_count": 551,
  "load_average": [
    0,
    0,
    0
  ]
}