{
  "timestamp": "2025-07-20T12:04:58.104471",
  "cpu_percent": 9.2,
  "memory_percent": 55.9,
  "memory_available_gb": 14.06561279296875,
  "disk_percent": 54.05352396481737,
  "disk_free_gb": 427.6504135131836,
  "disk_total_gb": 930.7578086853027,
  "process_count": 549,
  "load_average": [
    0,
    0,
    0
  ]
}