{
  "timestamp": "2025-07-20T12:19:12.339731",
  "cpu_percent": 22.8,
  "memory_percent": 56.5,
  "memory_available_gb": 13.893692016601562,
  "disk_percent": 54.04985459086203,
  "disk_free_gb": 427.68456649780273,
  "disk_total_gb": 930.7578086853027,
  "process_count": 550,
  "load_average": [
    0,
    0,
    0
  ]
}