{
  "timestamp": "2025-07-20T09:40:33.648712",
  "cpu_percent": 8.7,
  "memory_percent": 55.2,
  "memory_available_gb": 14.306339263916016,
  "disk_percent": 54.01715031697174,
  "disk_free_gb": 427.98896408081055,
  "disk_total_gb": 930.7578086853027,
  "process_count": 544,
  "load_average": [
    0,
    0,
    0
  ]
}