{
  "timestamp": "2025-07-20T12:14:07.262528",
  "cpu_percent": 15.4,
  "memory_percent": 55.3,
  "memory_available_gb": 14.256614685058594,
  "disk_percent": 54.05587075754252,
  "disk_free_gb": 427.6285705566406,
  "disk_total_gb": 930.7578086853027,
  "process_count": 548,
  "load_average": [
    0,
    0,
    0
  ]
}