{
  "timestamp": "2025-07-20T12:03:57.089031",
  "cpu_percent": 9.2,
  "memory_percent": 55.9,
  "memory_available_gb": 14.0902099609375,
  "disk_percent": 54.05320510265528,
  "disk_free_gb": 427.65338134765625,
  "disk_total_gb": 930.7578086853027,
  "process_count": 549,
  "load_average": [
    0,
    0,
    0
  ]
}