{
  "timestamp": "2025-07-20T08:03:57.049147",
  "cpu_percent": 22.8,
  "memory_percent": 53.9,
  "memory_available_gb": 14.706859588623047,
  "disk_percent": 54.00422779258754,
  "disk_free_gb": 428.1092414855957,
  "disk_total_gb": 930.7578086853027,
  "process_count": 545,
  "load_average": [
    0,
    0,
    0
  ]
}