{
  "timestamp": "2025-07-20T09:36:29.584583",
  "cpu_percent": 10.8,
  "memory_percent": 54.5,
  "memory_available_gb": 14.52109146118164,
  "disk_percent": 54.015972002426714,
  "disk_free_gb": 427.9999313354492,
  "disk_total_gb": 930.7578086853027,
  "process_count": 552,
  "load_average": [
    0,
    0,
    0
  ]
}