{
  "timestamp": "2025-07-20T05:33:26.342562",
  "cpu_percent": 32.5,
  "memory_percent": 53.4,
  "memory_available_gb": 14.889850616455078,
  "disk_percent": 53.9777925619253,
  "disk_free_gb": 428.3552894592285,
  "disk_total_gb": 930.7578086853027,
  "process_count": 534,
  "load_average": [
    0,
    0,
    0
  ]
}