{
  "timestamp": "2025-07-20T10:03:57.037658",
  "cpu_percent": 6.3,
  "memory_percent": 55.2,
  "memory_available_gb": 14.299186706542969,
  "disk_percent": 54.03546726780518,
  "disk_free_gb": 427.81847763061523,
  "disk_total_gb": 930.7578086853027,
  "process_count": 549,
  "load_average": [
    0,
    0,
    0
  ]
}