{
  "timestamp": "2025-07-20T07:03:57.037024",
  "cpu_percent": 10.0,
  "memory_percent": 52.9,
  "memory_available_gb": 15.049560546875,
  "disk_percent": 53.99783005691874,
  "disk_free_gb": 428.1687889099121,
  "disk_total_gb": 930.7578086853027,
  "process_count": 545,
  "load_average": [
    0,
    0,
    0
  ]
}