{
  "timestamp": "2025-07-20T11:15:08.217106",
  "cpu_percent": 11.7,
  "memory_percent": 55.6,
  "memory_available_gb": 14.167110443115234,
  "disk_percent": 54.04279699904803,
  "disk_free_gb": 427.7502555847168,
  "disk_total_gb": 930.7578086853027,
  "process_count": 550,
  "load_average": [
    0,
    0,
    0
  ]
}