{
  "timestamp": "2025-07-20T08:23:16.401317",
  "cpu_percent": 8.2,
  "memory_percent": 54.4,
  "memory_available_gb": 14.551464080810547,
  "disk_percent": 54.00863120527336,
  "disk_free_gb": 428.0682563781738,
  "disk_total_gb": 930.7578086853027,
  "process_count": 546,
  "load_average": [
    0,
    0,
    0
  ]
}