{
  "timestamp": "2025-07-20T10:23:16.402680",
  "cpu_percent": 28.3,
  "memory_percent": 55.9,
  "memory_available_gb": 14.06711196899414,
  "disk_percent": 54.04014773810227,
  "disk_free_gb": 427.7749137878418,
  "disk_total_gb": 930.7578086853027,
  "process_count": 556,
  "load_average": [
    0,
    0,
    0
  ]
}