{
  "timestamp": "2025-07-20T12:30:23.530820",
  "cpu_percent": 26.0,
  "memory_percent": 57.4,
  "memory_available_gb": 13.610301971435547,
  "disk_percent": 54.05315264204249,
  "disk_free_gb": 427.65386962890625,
  "disk_total_gb": 930.7578086853027,
  "process_count": 551,
  "load_average": [
    0,
    0,
    0
  ]
}