{
  "timestamp": "2025-07-20T10:11:04.210529",
  "cpu_percent": 14.1,
  "memory_percent": 55.5,
  "memory_available_gb": 14.218299865722656,
  "disk_percent": 54.03687058919723,
  "disk_free_gb": 427.80541610717773,
  "disk_total_gb": 930.7578086853027,
  "process_count": 557,
  "load_average": [
    0,
    0,
    0
  ]
}