{
  "timestamp": "2025-07-20T10:15:08.281653",
  "cpu_percent": 8.6,
  "memory_percent": 56.1,
  "memory_available_gb": 14.026813507080078,
  "disk_percent": 54.038118168145076,
  "disk_free_gb": 427.7938041687012,
  "disk_total_gb": 930.7578086853027,
  "process_count": 548,
  "load_average": [
    0,
    0,
    0
  ]
}