{
  "timestamp": "2025-07-20T11:57:50.992520",
  "cpu_percent": 6.8,
  "memory_percent": 56.1,
  "memory_available_gb": 14.026634216308594,
  "disk_percent": 54.051880062333865,
  "disk_free_gb": 427.665714263916,
  "disk_total_gb": 930.7578086853027,
  "process_count": 548,
  "load_average": [
    0,
    0,
    0
  ]
}