{
  "timestamp": "2025-07-20T12:18:11.325690",
  "cpu_percent": 7.6,
  "memory_percent": 55.4,
  "memory_available_gb": 14.24991226196289,
  "disk_percent": 54.04956646734025,
  "disk_free_gb": 427.68724822998047,
  "disk_total_gb": 930.7578086853027,
  "process_count": 551,
  "load_average": [
    0,
    0,
    0
  ]
}