{
  "timestamp": "2025-07-20T06:12:05.101475",
  "cpu_percent": 27.5,
  "memory_percent": 52.8,
  "memory_available_gb": 15.08077621459961,
  "disk_percent": 53.984564899157284,
  "disk_free_gb": 428.2922554016113,
  "disk_total_gb": 930.7578086853027,
  "process_count": 542,
  "load_average": [
    0,
    0,
    0
  ]
}