{
  "timestamp": "2025-07-20T06:08:01.037269",
  "cpu_percent": 20.4,
  "memory_percent": 53.3,
  "memory_available_gb": 14.90374755859375,
  "disk_percent": 53.98406078545628,
  "disk_free_gb": 428.29694747924805,
  "disk_total_gb": 930.7578086853027,
  "process_count": 544,
  "load_average": [
    0,
    0,
    0
  ]
}