{
  "timestamp": "2025-07-20T08:40:33.661669",
  "cpu_percent": 7.3,
  "memory_percent": 54.6,
  "memory_available_gb": 14.499439239501953,
  "disk_percent": 54.013004699015944,
  "disk_free_gb": 428.02754974365234,
  "disk_total_gb": 930.7578086853027,
  "process_count": 550,
  "load_average": [
    0,
    0,
    0
  ]
}