{
  "timestamp": "2025-07-20T09:13:06.175359",
  "cpu_percent": 15.3,
  "memory_percent": 55.2,
  "memory_available_gb": 14.293724060058594,
  "disk_percent": 54.01987785898813,
  "disk_free_gb": 427.9635772705078,
  "disk_total_gb": 930.7578086853027,
  "process_count": 545,
  "load_average": [
    0,
    0,
    0
  ]
}