{
  "timestamp": "2025-07-20T07:43:36.713589",
  "cpu_percent": 9.5,
  "memory_percent": 52.9,
  "memory_available_gb": 15.03594970703125,
  "disk_percent": 53.99933297150539,
  "disk_free_gb": 428.15480041503906,
  "disk_total_gb": 930.7578086853027,
  "process_count": 544,
  "load_average": [
    0,
    0,
    0
  ]
}