{
  "timestamp": "2025-07-20T08:11:04.207044",
  "cpu_percent": 7.9,
  "memory_percent": 53.7,
  "memory_available_gb": 14.786334991455078,
  "disk_percent": 54.005491355628344,
  "disk_free_gb": 428.0974807739258,
  "disk_total_gb": 930.7578086853027,
  "process_count": 544,
  "load_average": [
    0,
    0,
    0
  ]
}