{
  "timestamp": "2025-07-20T06:10:03.070460",
  "cpu_percent": 16.0,
  "memory_percent": 52.3,
  "memory_available_gb": 15.22829818725586,
  "disk_percent": 53.98472801887516,
  "disk_free_gb": 428.2907371520996,
  "disk_total_gb": 930.7578086853027,
  "process_count": 548,
  "load_average": [
    0,
    0,
    0
  ]
}