{
  "timestamp": "2025-07-20T12:01:55.057982",
  "cpu_percent": 28.7,
  "memory_percent": 56.5,
  "memory_available_gb": 13.885509490966797,
  "disk_percent": 54.05257926393867,
  "disk_free_gb": 427.65920639038086,
  "disk_total_gb": 930.7578086853027,
  "process_count": 555,
  "load_average": [
    0,
    0,
    0
  ]
}