{
  "timestamp": "2025-07-20T09:32:25.491419",
  "cpu_percent": 15.7,
  "memory_percent": 55.2,
  "memory_available_gb": 14.30135726928711,
  "disk_percent": 54.015197798539575,
  "disk_free_gb": 428.007137298584,
  "disk_total_gb": 930.7578086853027,
  "process_count": 550,
  "load_average": [
    0,
    0,
    0
  ]
}