{
  "timestamp": "2025-07-20T12:24:17.422347",
  "cpu_percent": 19.8,
  "memory_percent": 55.9,
  "memory_available_gb": 14.082000732421875,
  "disk_percent": 54.050809128105634,
  "disk_free_gb": 427.6756820678711,
  "disk_total_gb": 930.7578086853027,
  "process_count": 558,
  "load_average": [
    0,
    0,
    0
  ]
}