{
  "timestamp": "2025-07-20T06:21:14.263603",
  "cpu_percent": 17.2,
  "memory_percent": 54.2,
  "memory_available_gb": 14.619232177734375,
  "disk_percent": 53.98852977390808,
  "disk_free_gb": 428.2553520202637,
  "disk_total_gb": 930.7578086853027,
  "process_count": 554,
  "load_average": [
    0,
    0,
    0
  ]
}