{
  "timestamp": "2025-07-20T08:46:39.757077",
  "cpu_percent": 11.7,
  "memory_percent": 54.3,
  "memory_available_gb": 14.579051971435547,
  "disk_percent": 54.01388341428013,
  "disk_free_gb": 428.01937103271484,
  "disk_total_gb": 930.7578086853027,
  "process_count": 551,
  "load_average": [
    0,
    0,
    0
  ]
}