{
  "timestamp": "2025-07-20T06:42:35.606897",
  "cpu_percent": 11.4,
  "memory_percent": 54.0,
  "memory_available_gb": 14.684913635253906,
  "disk_percent": 53.9943688860204,
  "disk_free_gb": 428.2010040283203,
  "disk_total_gb": 930.7578086853027,
  "process_count": 551,
  "load_average": [
    0,
    0,
    0
  ]
}