{
  "timestamp": "2025-07-20T10:48:41.787599",
  "cpu_percent": 8.5,
  "memory_percent": 56.5,
  "memory_available_gb": 13.88116455078125,
  "disk_percent": 54.04591389717495,
  "disk_free_gb": 427.7212448120117,
  "disk_total_gb": 930.7578086853027,
  "process_count": 550,
  "load_average": [
    0,
    0,
    0
  ]
}