{
  "timestamp": "2025-07-20T07:44:37.729077",
  "cpu_percent": 19.4,
  "memory_percent": 54.0,
  "memory_available_gb": 14.685909271240234,
  "disk_percent": 53.99966248972945,
  "disk_free_gb": 428.1517333984375,
  "disk_total_gb": 930.7578086853027,
  "process_count": 549,
  "load_average": [
    0,
    0,
    0
  ]
}