{
  "timestamp": "2025-07-20T09:29:22.449046",
  "cpu_percent": 12.7,
  "memory_percent": 55.0,
  "memory_available_gb": 14.357234954833984,
  "disk_percent": 54.01418301356097,
  "disk_free_gb": 428.0165824890137,
  "disk_total_gb": 930.7578086853027,
  "process_count": 545,
  "load_average": [
    0,
    0,
    0
  ]
}