{
  "timestamp": "2025-07-20T12:10:03.204556",
  "cpu_percent": 25.4,
  "memory_percent": 55.5,
  "memory_available_gb": 14.216129302978516,
  "disk_percent": 54.05449981418492,
  "disk_free_gb": 427.64133071899414,
  "disk_total_gb": 930.7578086853027,
  "process_count": 550,
  "load_average": [
    0,
    0,
    0
  ]
}