{
  "timestamp": "2025-07-20T07:31:24.496985",
  "cpu_percent": 10.4,
  "memory_percent": 54.2,
  "memory_available_gb": 14.612113952636719,
  "disk_percent": 54.00361506902412,
  "disk_free_gb": 428.1149444580078,
  "disk_total_gb": 930.7578086853027,
  "process_count": 545,
  "load_average": [
    0,
    0,
    0
  ]
}