{
  "timestamp": "2025-07-20T07:22:15.345581",
  "cpu_percent": 9.7,
  "memory_percent": 54.9,
  "memory_available_gb": 14.392528533935547,
  "disk_percent": 54.00167894453346,
  "disk_free_gb": 428.1329650878906,
  "disk_total_gb": 930.7578086853027,
  "process_count": 545,
  "load_average": [
    0,
    0,
    0
  ]
}