{
  "timestamp": "2025-07-20T09:01:54.992605",
  "cpu_percent": 16.6,
  "memory_percent": 53.9,
  "memory_available_gb": 14.706199645996094,
  "disk_percent": 54.01724991016632,
  "disk_free_gb": 427.988037109375,
  "disk_total_gb": 930.7578086853027,
  "process_count": 552,
  "load_average": [
    0,
    0,
    0
  ]
}