{
  "timestamp": "2025-07-20T08:58:51.939317",
  "cpu_percent": 11.9,
  "memory_percent": 54.1,
  "memory_available_gb": 14.66110610961914,
  "disk_percent": 54.01688924345341,
  "disk_free_gb": 427.99139404296875,
  "disk_total_gb": 930.7578086853027,
  "process_count": 545,
  "load_average": [
    0,
    0,
    0
  ]
}