{
  "timestamp": "2025-07-20T11:19:12.277146",
  "cpu_percent": 24.9,
  "memory_percent": 56.5,
  "memory_available_gb": 13.882381439208984,
  "disk_percent": 54.04313635363699,
  "disk_free_gb": 427.74709701538086,
  "disk_total_gb": 930.7578086853027,
  "process_count": 550,
  "load_average": [
    0,
    0,
    0
  ]
}