{
  "timestamp": "2025-07-20T05:39:32.460722",
  "cpu_percent": 14.7,
  "memory_percent": 53.5,
  "memory_available_gb": 14.83209228515625,
  "disk_percent": 53.979441792439786,
  "disk_free_gb": 428.33993911743164,
  "disk_total_gb": 930.7578086853027,
  "process_count": 541,
  "load_average": [
    0,
    0,
    0
  ]
}