{
  "timestamp": "2025-07-20T05:48:41.624860",
  "cpu_percent": 38.7,
  "memory_percent": 53.1,
  "memory_available_gb": 14.989025115966797,
  "disk_percent": 53.97913727497651,
  "disk_free_gb": 428.3427734375,
  "disk_total_gb": 930.7578086853027,
  "process_count": 546,
  "load_average": [
    0,
    0,
    0
  ]
}