{
  "timestamp": "2025-07-20T08:57:50.924556",
  "cpu_percent": 16.8,
  "memory_percent": 54.9,
  "memory_available_gb": 14.415332794189453,
  "disk_percent": 54.01663431766315,
  "disk_free_gb": 427.99376678466797,
  "disk_total_gb": 930.7578086853027,
  "process_count": 553,
  "load_average": [
    0,
    0,
    0
  ]
}