{
  "timestamp": "2025-07-20T07:35:28.572109",
  "cpu_percent": 12.5,
  "memory_percent": 55.1,
  "memory_available_gb": 14.330146789550781,
  "disk_percent": 53.99758209855361,
  "disk_free_gb": 428.1710968017578,
  "disk_total_gb": 930.7578086853027,
  "process_count": 545,
  "load_average": [
    0,
    0,
    0
  ]
}