{
  "timestamp": "2025-07-20T05:35:28.377738",
  "cpu_percent": 44.9,
  "memory_percent": 51.4,
  "memory_available_gb": 15.519615173339844,
  "disk_percent": 53.97842372867289,
  "disk_free_gb": 428.34941482543945,
  "disk_total_gb": 930.7578086853027,
  "process_count": 532,
  "load_average": [
    0,
    0,
    0
  ]
}