{
  "timestamp": "2025-07-20T10:59:52.974201",
  "cpu_percent": 6.2,
  "memory_percent": 55.2,
  "memory_available_gb": 14.306842803955078,
  "disk_percent": 54.04856561721192,
  "disk_free_gb": 427.6965637207031,
  "disk_total_gb": 930.7578086853027,
  "process_count": 549,
  "load_average": [
    0,
    0,
    0
  ]
}