{
  "timestamp": "2025-07-20T11:46:39.791538",
  "cpu_percent": 6.6,
  "memory_percent": 57.1,
  "memory_available_gb": 13.685165405273438,
  "disk_percent": 54.04992631435608,
  "disk_free_gb": 427.68389892578125,
  "disk_total_gb": 930.7578086853027,
  "process_count": 552,
  "load_average": [
    0,
    0,
    0
  ]
}