{
  "timestamp": "2025-07-20T12:28:21.486589",
  "cpu_percent": 7.2,
  "memory_percent": 56.6,
  "memory_available_gb": 13.871028900146484,
  "disk_percent": 54.052380897246564,
  "disk_free_gb": 427.6610527038574,
  "disk_total_gb": 930.7578086853027,
  "process_count": 548,
  "load_average": [
    0,
    0,
    0
  ]
}