{
  "timestamp": "2025-07-20T05:40:33.480824",
  "cpu_percent": 52.9,
  "memory_percent": 51.8,
  "memory_available_gb": 15.388172149658203,
  "disk_percent": 53.97891882570607,
  "disk_free_gb": 428.3448066711426,
  "disk_total_gb": 930.7578086853027,
  "process_count": 540,
  "load_average": [
    0,
    0,
    0
  ]
}