{
  "timestamp": "2025-07-20T06:16:09.182223",
  "cpu_percent": 36.1,
  "memory_percent": 54.5,
  "memory_available_gb": 14.54220962524414,
  "disk_percent": 53.98713505933531,
  "disk_free_gb": 428.2683334350586,
  "disk_total_gb": 930.7578086853027,
  "process_count": 548,
  "load_average": [
    0,
    0,
    0
  ]
}