{
  "timestamp": "2025-07-20T05:52:45.708214",
  "cpu_percent": 29.5,
  "memory_percent": 52.5,
  "memory_available_gb": 15.157451629638672,
  "disk_percent": 53.9804073955939,
  "disk_free_gb": 428.3309516906738,
  "disk_total_gb": 930.7578086853027,
  "process_count": 542,
  "load_average": [
    0,
    0,
    0
  ]
}