{
  "timestamp": "2025-07-20T09:18:11.286402",
  "cpu_percent": 16.2,
  "memory_percent": 55.1,
  "memory_available_gb": 14.320556640625,
  "disk_percent": 54.02153856526167,
  "disk_free_gb": 427.9481201171875,
  "disk_total_gb": 930.7578086853027,
  "process_count": 546,
  "load_average": [
    0,
    0,
    0
  ]
}