{
  "timestamp": "2025-07-20T08:24:17.413662",
  "cpu_percent": 6.7,
  "memory_percent": 53.4,
  "memory_available_gb": 14.878246307373047,
  "disk_percent": 54.00886481893967,
  "disk_free_gb": 428.0660820007324,
  "disk_total_gb": 930.7578086853027,
  "process_count": 546,
  "load_average": [
    0,
    0,
    0
  ]
}