{
  "timestamp": "2025-07-20T11:28:21.452554",
  "cpu_percent": 7.3,
  "memory_percent": 57.0,
  "memory_available_gb": 13.737064361572266,
  "disk_percent": 54.04557946076842,
  "disk_free_gb": 427.72435760498047,
  "disk_total_gb": 930.7578086853027,
  "process_count": 548,
  "load_average": [
    0,
    0,
    0
  ]
}