{
  "timestamp": "2025-07-20T11:36:29.636356",
  "cpu_percent": 7.4,
  "memory_percent": 55.6,
  "memory_available_gb": 14.166046142578125,
  "disk_percent": 54.04719795264261,
  "disk_free_gb": 427.7092933654785,
  "disk_total_gb": 930.7578086853027,
  "process_count": 550,
  "load_average": [
    0,
    0,
    0
  ]
}