{
  "timestamp": "2025-07-20T09:38:31.619191",
  "cpu_percent": 9.3,
  "memory_percent": 54.8,
  "memory_available_gb": 14.42142105102539,
  "disk_percent": 54.01660931690236,
  "disk_free_gb": 427.9939994812012,
  "disk_total_gb": 930.7578086853027,
  "process_count": 548,
  "load_average": [
    0,
    0,
    0
  ]
}