{
  "timestamp": "2025-07-20T06:39:32.556151",
  "cpu_percent": 21.5,
  "memory_percent": 53.0,
  "memory_available_gb": 15.005290985107422,
  "disk_percent": 53.99327336087993,
  "disk_free_gb": 428.2112007141113,
  "disk_total_gb": 930.7578086853027,
  "process_count": 555,
  "load_average": [
    0,
    0,
    0
  ]
}