{
  "timestamp": "2025-07-20T08:08:01.155299",
  "cpu_percent": 18.0,
  "memory_percent": 54.4,
  "memory_available_gb": 14.574848175048828,
  "disk_percent": 54.00543479653018,
  "disk_free_gb": 428.09800720214844,
  "disk_total_gb": 930.7578086853027,
  "process_count": 554,
  "load_average": [
    0,
    0,
    0
  ]
}