{
  "timestamp": "2025-07-20T09:37:30.603934",
  "cpu_percent": 5.4,
  "memory_percent": 55.3,
  "memory_available_gb": 14.274688720703125,
  "disk_percent": 54.01625069943214,
  "disk_free_gb": 427.9973373413086,
  "disk_total_gb": 930.7578086853027,
  "process_count": 545,
  "load_average": [
    0,
    0,
    0
  ]
}