{
  "timestamp": "2025-07-20T09:14:07.231168",
  "cpu_percent": 23.1,
  "memory_percent": 54.7,
  "memory_available_gb": 14.467044830322266,
  "disk_percent": 54.02023401736713,
  "disk_free_gb": 427.960262298584,
  "disk_total_gb": 930.7578086853027,
  "process_count": 560,
  "load_average": [
    0,
    0,
    0
  ]
}