{
  "timestamp": "2025-07-20T06:27:20.348228",
  "cpu_percent": 7.1,
  "memory_percent": 52.7,
  "memory_available_gb": 15.10239028930664,
  "disk_percent": 53.990085149107514,
  "disk_free_gb": 428.2408752441406,
  "disk_total_gb": 930.7578086853027,
  "process_count": 546,
  "load_average": [
    0,
    0,
    0
  ]
}