{
  "timestamp": "2025-07-20T08:27:20.460342",
  "cpu_percent": 9.0,
  "memory_percent": 53.6,
  "memory_available_gb": 14.813980102539062,
  "disk_percent": 54.009100891697216,
  "disk_free_gb": 428.0638847351074,
  "disk_total_gb": 930.7578086853027,
  "process_count": 546,
  "load_average": [
    0,
    0,
    0
  ]
}