{
  "timestamp": "2025-07-20T06:32:25.447278",
  "cpu_percent": 17.9,
  "memory_percent": 52.8,
  "memory_available_gb": 15.054641723632812,
  "disk_percent": 53.99187003948788,
  "disk_free_gb": 428.2242622375488,
  "disk_total_gb": 930.7578086853027,
  "process_count": 554,
  "load_average": [
    0,
    0,
    0
  ]
}