{
  "timestamp": "2025-07-20T11:18:11.262361",
  "cpu_percent": 15.6,
  "memory_percent": 55.1,
  "memory_available_gb": 14.34305191040039,
  "disk_percent": 54.04282486874856,
  "disk_free_gb": 427.74999618530273,
  "disk_total_gb": 930.7578086853027,
  "process_count": 551,
  "load_average": [
    0,
    0,
    0
  ]
}