{
  "timestamp": "2025-07-20T05:54:47.740933",
  "cpu_percent": 18.8,
  "memory_percent": 52.3,
  "memory_available_gb": 15.22018051147461,
  "disk_percent": 53.98079839109858,
  "disk_free_gb": 428.3273124694824,
  "disk_total_gb": 930.7578086853027,
  "process_count": 541,
  "load_average": [
    0,
    0,
    0
  ]
}