{
  "timestamp": "2025-07-20T12:05:59.121862",
  "cpu_percent": 21.2,
  "memory_percent": 56.8,
  "memory_available_gb": 13.780330657958984,
  "disk_percent": 54.053915780019125,
  "disk_free_gb": 427.64676666259766,
  "disk_total_gb": 930.7578086853027,
  "process_count": 550,
  "load_average": [
    0,
    0,
    0
  ]
}