{
  "timestamp": "2025-07-20T07:50:43.845061",
  "cpu_percent": 30.3,
  "memory_percent": 53.9,
  "memory_available_gb": 14.727134704589844,
  "disk_percent": 54.001696977869095,
  "disk_free_gb": 428.13279724121094,
  "disk_total_gb": 930.7578086853027,
  "process_count": 555,
  "load_average": [
    0,
    0,
    0
  ]
}