{
  "timestamp": "2025-07-20T07:49:42.809736",
  "cpu_percent": 17.8,
  "memory_percent": 54.1,
  "memory_available_gb": 14.639514923095703,
  "disk_percent": 54.001417871015136,
  "disk_free_gb": 428.1353950500488,
  "disk_total_gb": 930.7578086853027,
  "process_count": 548,
  "load_average": [
    0,
    0,
    0
  ]
}