{
  "timestamp": "2025-07-20T05:51:44.691713",
  "cpu_percent": 21.3,
  "memory_percent": 52.7,
  "memory_available_gb": 15.102256774902344,
  "disk_percent": 53.98007172964178,
  "disk_free_gb": 428.3340759277344,
  "disk_total_gb": 930.7578086853027,
  "process_count": 541,
  "load_average": [
    0,
    0,
    0
  ]
}