{
  "timestamp": "2025-07-20T08:16:09.293486",
  "cpu_percent": 34.0,
  "memory_percent": 54.2,
  "memory_available_gb": 14.63409423828125,
  "disk_percent": 54.007253704339156,
  "disk_free_gb": 428.0810775756836,
  "disk_total_gb": 930.7578086853027,
  "process_count": 549,
  "load_average": [
    0,
    0,
    0
  ]
}