{
  "timestamp": "2025-07-20T05:38:31.445940",
  "cpu_percent": 26.4,
  "memory_percent": 52.6,
  "memory_available_gb": 15.137577056884766,
  "disk_percent": 53.979049977238034,
  "disk_free_gb": 428.3435859680176,
  "disk_total_gb": 930.7578086853027,
  "process_count": 538,
  "load_average": [
    0,
    0,
    0
  ]
}