{
  "timestamp": "2025-07-20T06:38:31.538155",
  "cpu_percent": 8.7,
  "memory_percent": 52.9,
  "memory_available_gb": 15.026294708251953,
  "disk_percent": 53.992874578253044,
  "disk_free_gb": 428.2149124145508,
  "disk_total_gb": 930.7578086853027,
  "process_count": 551,
  "load_average": [
    0,
    0,
    0
  ]
}