{
  "timestamp": "2025-07-20T07:26:19.410066",
  "cpu_percent": 7.7,
  "memory_percent": 54.8,
  "memory_available_gb": 14.417964935302734,
  "disk_percent": 54.002879390899494,
  "disk_free_gb": 428.1217918395996,
  "disk_total_gb": 930.7578086853027,
  "process_count": 544,
  "load_average": [
    0,
    0,
    0
  ]
}