{
  "timestamp": "2025-07-20T06:48:41.692744",
  "cpu_percent": 4.7,
  "memory_percent": 54.1,
  "memory_available_gb": 14.654792785644531,
  "disk_percent": 53.994909066392694,
  "disk_free_gb": 428.1959762573242,
  "disk_total_gb": 930.7578086853027,
  "process_count": 546,
  "load_average": [
    0,
    0,
    0
  ]
}