{
  "timestamp": "2025-07-20T10:51:44.833755",
  "cpu_percent": 8.5,
  "memory_percent": 56.2,
  "memory_available_gb": 13.97745132446289,
  "disk_percent": 54.046397928297615,
  "disk_free_gb": 427.716739654541,
  "disk_total_gb": 930.7578086853027,
  "process_count": 549,
  "load_average": [
    0,
    0,
    0
  ]
}