{
  "timestamp": "2025-07-20T12:11:04.218333",
  "cpu_percent": 7.0,
  "memory_percent": 56.2,
  "memory_available_gb": 13.972549438476562,
  "disk_percent": 54.055034666526225,
  "disk_free_gb": 427.6363525390625,
  "disk_total_gb": 930.7578086853027,
  "process_count": 548,
  "load_average": [
    0,
    0,
    0
  ]
}