{
  "timestamp": "2025-07-20T11:02:56.032267",
  "cpu_percent": 22.3,
  "memory_percent": 56.2,
  "memory_available_gb": 13.989166259765625,
  "disk_percent": 54.04872422859589,
  "disk_free_gb": 427.6950874328613,
  "disk_total_gb": 930.7578086853027,
  "process_count": 550,
  "load_average": [
    0,
    0,
    0
  ]
}