{
  "timestamp": "2025-07-20T10:04:58.053143",
  "cpu_percent": 24.0,
  "memory_percent": 56.1,
  "memory_available_gb": 14.016746520996094,
  "disk_percent": 54.035750063295986,
  "disk_free_gb": 427.81584548950195,
  "disk_total_gb": 930.7578086853027,
  "process_count": 549,
  "load_average": [
    0,
    0,
    0
  ]
}