{
  "timestamp": "2025-07-20T05:41:34.496809",
  "cpu_percent": 18.8,
  "memory_percent": 52.5,
  "memory_available_gb": 15.15151596069336,
  "disk_percent": 53.97927949241898,
  "disk_free_gb": 428.3414497375488,
  "disk_total_gb": 930.7578086853027,
  "process_count": 540,
  "load_average": [
    0,
    0,
    0
  ]
}