{
  "timestamp": "2025-07-20T06:49:42.739158",
  "cpu_percent": 14.7,
  "memory_percent": 54.1,
  "memory_available_gb": 14.657482147216797,
  "disk_percent": 53.99520251794547,
  "disk_free_gb": 428.19324493408203,
  "disk_total_gb": 930.7578086853027,
  "process_count": 551,
  "load_average": [
    0,
    0,
    0
  ]
}