{
  "timestamp": "2025-07-20T07:33:26.525783",
  "cpu_percent": 16.1,
  "memory_percent": 54.4,
  "memory_available_gb": 14.549381256103516,
  "disk_percent": 54.00421836607118,
  "disk_free_gb": 428.1093292236328,
  "disk_total_gb": 930.7578086853027,
  "process_count": 546,
  "load_average": [
    0,
    0,
    0
  ]
}