{
  "timestamp": "2025-07-20T10:02:56.023803",
  "cpu_percent": 7.2,
  "memory_percent": 55.6,
  "memory_available_gb": 14.173805236816406,
  "disk_percent": 54.035092256393455,
  "disk_free_gb": 427.8219680786133,
  "disk_total_gb": 930.7578086853027,
  "process_count": 550,
  "load_average": [
    0,
    0,
    0
  ]
}