{
  "timestamp": "2025-07-20T07:32:25.513229",
  "cpu_percent": 7.6,
  "memory_percent": 54.5,
  "memory_available_gb": 14.53521728515625,
  "disk_percent": 54.003958112249926,
  "disk_free_gb": 428.1117515563965,
  "disk_total_gb": 930.7578086853027,
  "process_count": 545,
  "load_average": [
    0,
    0,
    0
  ]
}