{
  "timestamp": "2025-07-20T11:51:44.875800",
  "cpu_percent": 16.9,
  "memory_percent": 56.7,
  "memory_available_gb": 13.816337585449219,
  "disk_percent": 54.049745571151085,
  "disk_free_gb": 427.6855812072754,
  "disk_total_gb": 930.7578086853027,
  "process_count": 553,
  "load_average": [
    0,
    0,
    0
  ]
}