{
  "timestamp": "2025-07-20T09:12:05.160594",
  "cpu_percent": 9.7,
  "memory_percent": 54.3,
  "memory_available_gb": 14.599613189697266,
  "disk_percent": 54.01951063469862,
  "disk_free_gb": 427.9669952392578,
  "disk_total_gb": 930.7578086853027,
  "process_count": 544,
  "load_average": [
    0,
    0,
    0
  ]
}