{
  "timestamp": "2025-07-20T09:27:20.419483",
  "cpu_percent": 19.0,
  "memory_percent": 54.9,
  "memory_available_gb": 14.404380798339844,
  "disk_percent": 54.01366250591847,
  "disk_free_gb": 428.021427154541,
  "disk_total_gb": 930.7578086853027,
  "process_count": 547,
  "load_average": [
    0,
    0,
    0
  ]
}