{
  "timestamp": "2025-07-20T06:17:10.200365",
  "cpu_percent": 8.8,
  "memory_percent": 54.1,
  "memory_available_gb": 14.650688171386719,
  "disk_percent": 53.988085088245,
  "disk_free_gb": 428.2594909667969,
  "disk_total_gb": 930.7578086853027,
  "process_count": 548,
  "load_average": [
    0,
    0,
    0
  ]
}