{
  "timestamp": "2025-07-20T07:55:48.919737",
  "cpu_percent": 8.9,
  "memory_percent": 53.6,
  "memory_available_gb": 14.822025299072266,
  "disk_percent": 54.00246872266502,
  "disk_free_gb": 428.12561416625977,
  "disk_total_gb": 930.7578086853027,
  "process_count": 544,
  "load_average": [
    0,
    0,
    0
  ]
}