{
  "timestamp": "2025-07-20T11:01:55.016307",
  "cpu_percent": 17.5,
  "memory_percent": 54.9,
  "memory_available_gb": 14.406272888183594,
  "disk_percent": 54.04846807326001,
  "disk_free_gb": 427.69747161865234,
  "disk_total_gb": 930.7578086853027,
  "process_count": 555,
  "load_average": [
    0,
    0,
    0
  ]
}