{
  "timestamp": "2025-07-20T05:49:42.641938",
  "cpu_percent": 21.3,
  "memory_percent": 52.2,
  "memory_available_gb": 15.272415161132812,
  "disk_percent": 53.97967786519733,
  "disk_free_gb": 428.33774185180664,
  "disk_total_gb": 930.7578086853027,
  "process_count": 548,
  "load_average": [
    0,
    0,
    0
  ]
}