{
  "timestamp": "2025-07-20T07:42:35.700245",
  "cpu_percent": 20.5,
  "memory_percent": 53.3,
  "memory_available_gb": 14.90032958984375,
  "disk_percent": 53.99979610035265,
  "disk_free_gb": 428.1504898071289,
  "disk_total_gb": 930.7578086853027,
  "process_count": 554,
  "load_average": [
    0,
    0,
    0
  ]
}