{
  "timestamp": "2025-07-20T06:28:21.362517",
  "cpu_percent": 9.0,
  "memory_percent": 53.3,
  "memory_available_gb": 14.91115951538086,
  "disk_percent": 53.990438438546754,
  "disk_free_gb": 428.23758697509766,
  "disk_total_gb": 930.7578086853027,
  "process_count": 546,
  "load_average": [
    0,
    0,
    0
  ]
}