{
  "timestamp": "2025-07-20T12:23:16.405002",
  "cpu_percent": 33.7,
  "memory_percent": 57.3,
  "memory_available_gb": 13.62176513671875,
  "disk_percent": 54.05130340544174,
  "disk_free_gb": 427.67108154296875,
  "disk_total_gb": 930.7578086853027,
  "process_count": 554,
  "load_average": [
    0,
    0,
    0
  ]
}