{
  "timestamp": "2025-07-20T11:49:42.838405",
  "cpu_percent": 33.9,
  "memory_percent": 57.0,
  "memory_available_gb": 13.734718322753906,
  "disk_percent": 54.050923475847576,
  "disk_free_gb": 427.674617767334,
  "disk_total_gb": 930.7578086853027,
  "process_count": 552,
  "load_average": [
    0,
    0,
    0
  ]
}