{
  "timestamp": "2025-07-20T08:48:41.785053",
  "cpu_percent": 15.4,
  "memory_percent": 55.2,
  "memory_available_gb": 14.290687561035156,
  "disk_percent": 54.01442236510681,
  "disk_free_gb": 428.01435470581055,
  "disk_total_gb": 930.7578086853027,
  "process_count": 547,
  "load_average": [
    0,
    0,
    0
  ]
}