{
  "timestamp": "2025-07-20T06:36:29.509665",
  "cpu_percent": 13.2,
  "memory_percent": 53.7,
  "memory_available_gb": 14.792354583740234,
  "disk_percent": 53.99222660771542,
  "disk_free_gb": 428.22094345092773,
  "disk_total_gb": 930.7578086853027,
  "process_count": 557,
  "load_average": [
    0,
    0,
    0
  ]
}