{
  "timestamp": "2025-07-20T09:55:48.915783",
  "cpu_percent": 7.1,
  "memory_percent": 55.9,
  "memory_available_gb": 14.065200805664062,
  "disk_percent": 54.01035174943336,
  "disk_free_gb": 428.05224227905273,
  "disk_total_gb": 930.7578086853027,
  "process_count": 548,
  "load_average": [
    0,
    0,
    0
  ]
}