{
  "timestamp": "2025-07-20T10:19:12.339586",
  "cpu_percent": 19.1,
  "memory_percent": 55.2,
  "memory_available_gb": 14.305740356445312,
  "disk_percent": 54.03870548109917,
  "disk_free_gb": 427.78833770751953,
  "disk_total_gb": 930.7578086853027,
  "process_count": 552,
  "load_average": [
    0,
    0,
    0
  ]
}