{
  "timestamp": "2025-07-20T12:07:00.158945",
  "cpu_percent": 15.5,
  "memory_percent": 56.0,
  "memory_available_gb": 14.051631927490234,
  "disk_percent": 54.054267430064215,
  "disk_free_gb": 427.64349365234375,
  "disk_total_gb": 930.7578086853027,
  "process_count": 557,
  "load_average": [
    0,
    0,
    0
  ]
}