{
  "timestamp": "2025-07-20T08:13:06.246258",
  "cpu_percent": 11.2,
  "memory_percent": 54.0,
  "memory_available_gb": 14.700637817382812,
  "disk_percent": 54.00620818072025,
  "disk_free_gb": 428.0908088684082,
  "disk_total_gb": 930.7578086853027,
  "process_count": 550,
  "load_average": [
    0,
    0,
    0
  ]
}