{
  "timestamp": "2025-07-20T07:30:23.483213",
  "cpu_percent": 8.4,
  "memory_percent": 53.4,
  "memory_available_gb": 14.88314437866211,
  "disk_percent": 54.003274075041006,
  "disk_free_gb": 428.1181182861328,
  "disk_total_gb": 930.7578086853027,
  "process_count": 545,
  "load_average": [
    0,
    0,
    0
  ]
}