{
  "timestamp": "2025-07-20T07:23:16.362264",
  "cpu_percent": 16.4,
  "memory_percent": 53.1,
  "memory_available_gb": 14.970958709716797,
  "disk_percent": 54.00193919835471,
  "disk_free_gb": 428.13054275512695,
  "disk_total_gb": 930.7578086853027,
  "process_count": 545,
  "load_average": [
    0,
    0,
    0
  ]
}