{
  "timestamp": "2025-07-20T09:02:56.007148",
  "cpu_percent": 27.1,
  "memory_percent": 54.9,
  "memory_available_gb": 14.398101806640625,
  "disk_percent": 54.01757737914771,
  "disk_free_gb": 427.98498916625977,
  "disk_total_gb": 930.7578086853027,
  "process_count": 546,
  "load_average": [
    0,
    0,
    0
  ]
}