{
  "timestamp": "2025-07-20T09:45:38.736936",
  "cpu_percent": 8.2,
  "memory_percent": 54.3,
  "memory_available_gb": 14.597618103027344,
  "disk_percent": 54.01812288755098,
  "disk_free_gb": 427.9799118041992,
  "disk_total_gb": 930.7578086853027,
  "process_count": 546,
  "load_average": [
    0,
    0,
    0
  ]
}