{
  "timestamp": "2025-07-20T07:14:07.205112",
  "cpu_percent": 29.1,
  "memory_percent": 54.8,
  "memory_available_gb": 14.437580108642578,
  "disk_percent": 53.99997192537519,
  "disk_free_gb": 428.14885330200195,
  "disk_total_gb": 930.7578086853027,
  "process_count": 549,
  "load_average": [
    0,
    0,
    0
  ]
}