{
  "timestamp": "2025-07-20T09:30:23.463315",
  "cpu_percent": 30.7,
  "memory_percent": 55.1,
  "memory_available_gb": 14.334419250488281,
  "disk_percent": 54.014496957540615,
  "disk_free_gb": 428.0136604309082,
  "disk_total_gb": 930.7578086853027,
  "process_count": 546,
  "load_average": [
    0,
    0,
    0
  ]
}