{
  "timestamp": "2025-07-20T07:11:04.146269",
  "cpu_percent": 18.6,
  "memory_percent": 53.8,
  "memory_available_gb": 14.76495361328125,
  "disk_percent": 53.99907517677536,
  "disk_free_gb": 428.15719985961914,
  "disk_total_gb": 930.7578086853027,
  "process_count": 550,
  "load_average": [
    0,
    0,
    0
  ]
}