{
  "timestamp": "2025-07-20T08:32:25.536137",
  "cpu_percent": 7.8,
  "memory_percent": 53.2,
  "memory_available_gb": 14.94498062133789,
  "disk_percent": 54.01077471312396,
  "disk_free_gb": 428.0483055114746,
  "disk_total_gb": 930.7578086853027,
  "process_count": 545,
  "load_average": [
    0,
    0,
    0
  ]
}