{
  "timestamp": "2025-07-20T07:41:34.663847",
  "cpu_percent": 15.2,
  "memory_percent": 54.0,
  "memory_available_gb": 14.696720123291016,
  "disk_percent": 53.999556338958264,
  "disk_free_gb": 428.1527214050293,
  "disk_total_gb": 930.7578086853027,
  "process_count": 551,
  "load_average": [
    0,
    0,
    0
  ]
}