{
  "timestamp": "2025-07-20T11:26:19.421419",
  "cpu_percent": 10.0,
  "memory_percent": 56.7,
  "memory_available_gb": 13.817386627197266,
  "disk_percent": 54.04497124553893,
  "disk_free_gb": 427.73001861572266,
  "disk_total_gb": 930.7578086853027,
  "process_count": 548,
  "load_average": [
    0,
    0,
    0
  ]
}