{
  "timestamp": "2025-07-20T08:42:35.689931",
  "cpu_percent": 9.3,
  "memory_percent": 53.6,
  "memory_available_gb": 14.817089080810547,
  "disk_percent": 54.01371496653125,
  "disk_free_gb": 428.020938873291,
  "disk_total_gb": 930.7578086853027,
  "process_count": 547,
  "load_average": [
    0,
    0,
    0
  ]
}