{
  "timestamp": "2025-07-20T06:44:37.636295",
  "cpu_percent": 9.1,
  "memory_percent": 52.8,
  "memory_available_gb": 15.062118530273438,
  "disk_percent": 53.99488816411729,
  "disk_free_gb": 428.19617080688477,
  "disk_total_gb": 930.7578086853027,
  "process_count": 545,
  "load_average": [
    0,
    0,
    0
  ]
}