{
  "timestamp": "2025-07-20T09:35:28.539701",
  "cpu_percent": 13.6,
  "memory_percent": 55.1,
  "memory_available_gb": 14.326534271240234,
  "disk_percent": 54.015455183421054,
  "disk_free_gb": 428.0047416687012,
  "disk_total_gb": 930.7578086853027,
  "process_count": 551,
  "load_average": [
    0,
    0,
    0
  ]
}