{
  "timestamp": "2025-07-20T12:00:54.038789",
  "cpu_percent": 5.5,
  "memory_percent": 55.0,
  "memory_available_gb": 14.361526489257812,
  "disk_percent": 54.052252614654364,
  "disk_free_gb": 427.66224670410156,
  "disk_total_gb": 930.7578086853027,
  "process_count": 549,
  "load_average": [
    0,
    0,
    0
  ]
}