{
  "timestamp": "2025-07-20T11:50:43.857922",
  "cpu_percent": 24.6,
  "memory_percent": 55.4,
  "memory_available_gb": 14.226264953613281,
  "disk_percent": 54.049466464297126,
  "disk_free_gb": 427.6881790161133,
  "disk_total_gb": 930.7578086853027,
  "process_count": 554,
  "load_average": [
    0,
    0,
    0
  ]
}