{
  "timestamp": "2025-07-20T10:18:11.324649",
  "cpu_percent": 8.8,
  "memory_percent": 56.0,
  "memory_available_gb": 14.058246612548828,
  "disk_percent": 54.038428423487886,
  "disk_free_gb": 427.7909164428711,
  "disk_total_gb": 930.7578086853027,
  "process_count": 549,
  "load_average": [
    0,
    0,
    0
  ]
}