{
  "timestamp": "2025-07-20T10:57:50.932837",
  "cpu_percent": 25.9,
  "memory_percent": 55.3,
  "memory_available_gb": 14.282524108886719,
  "disk_percent": 54.04794100804092,
  "disk_free_gb": 427.70237731933594,
  "disk_total_gb": 930.7578086853027,
  "process_count": 548,
  "load_average": [
    0,
    0,
    0
  ]
}