{
  "timestamp": "2025-07-20T06:58:51.960643",
  "cpu_percent": 11.9,
  "memory_percent": 53.1,
  "memory_available_gb": 14.976173400878906,
  "disk_percent": 53.9970976575824,
  "disk_free_gb": 428.1756057739258,
  "disk_total_gb": 930.7578086853027,
  "process_count": 544,
  "load_average": [
    0,
    0,
    0
  ]
}