{
  "timestamp": "2025-07-20T12:21:14.372276",
  "cpu_percent": 7.3,
  "memory_percent": 56.3,
  "memory_available_gb": 13.965160369873047,
  "disk_percent": 54.050638631114076,
  "disk_free_gb": 427.6772689819336,
  "disk_total_gb": 930.7578086853027,
  "process_count": 551,
  "load_average": [
    0,
    0,
    0
  ]
}