{
  "timestamp": "2025-07-20T10:39:32.656598",
  "cpu_percent": 5.8,
  "memory_percent": 56.1,
  "memory_available_gb": 14.031929016113281,
  "disk_percent": 54.04376096280799,
  "disk_free_gb": 427.74128341674805,
  "disk_total_gb": 930.7578086853027,
  "process_count": 549,
  "load_average": [
    0,
    0,
    0
  ]
}