{
  "timestamp": "2025-07-20T08:55:48.893924",
  "cpu_percent": 26.1,
  "memory_percent": 54.9,
  "memory_available_gb": 14.404605865478516,
  "disk_percent": 54.01591790241977,
  "disk_free_gb": 428.0004348754883,
  "disk_total_gb": 930.7578086853027,
  "process_count": 545,
  "load_average": [
    0,
    0,
    0
  ]
}