{
  "timestamp": "2025-07-20T12:12:05.233272",
  "cpu_percent": 16.5,
  "memory_percent": 57.4,
  "memory_available_gb": 13.605113983154297,
  "disk_percent": 54.055308445349205,
  "disk_free_gb": 427.63380432128906,
  "disk_total_gb": 930.7578086853027,
  "process_count": 548,
  "load_average": [
    0,
    0,
    0
  ]
}