{
  "timestamp": "2025-07-20T09:28:21.431891",
  "cpu_percent": 9.3,
  "memory_percent": 54.2,
  "memory_available_gb": 14.63875961303711,
  "disk_percent": 54.01392726807362,
  "disk_free_gb": 428.0189628601074,
  "disk_total_gb": 930.7578086853027,
  "process_count": 545,
  "load_average": [
    0,
    0,
    0
  ]
}