{
  "timestamp": "2025-07-20T06:30:23.395203",
  "cpu_percent": 9.2,
  "memory_percent": 53.7,
  "memory_available_gb": 14.775104522705078,
  "disk_percent": 53.99110157348026,
  "disk_free_gb": 428.2314147949219,
  "disk_total_gb": 930.7578086853027,
  "process_count": 547,
  "load_average": [
    0,
    0,
    0
  ]
}