{
  "timestamp": "2025-07-20T07:38:31.618057",
  "cpu_percent": 8.9,
  "memory_percent": 54.5,
  "memory_available_gb": 14.526870727539062,
  "disk_percent": 53.998512044884976,
  "disk_free_gb": 428.1624412536621,
  "disk_total_gb": 930.7578086853027,
  "process_count": 548,
  "load_average": [
    0,
    0,
    0
  ]
}