{
  "timestamp": "2025-07-20T08:01:55.017220",
  "cpu_percent": 6.6,
  "memory_percent": 53.5,
  "memory_available_gb": 14.86025619506836,
  "disk_percent": 54.00356301825988,
  "disk_free_gb": 428.11542892456055,
  "disk_total_gb": 930.7578086853027,
  "process_count": 545,
  "load_average": [
    0,
    0,
    0
  ]
}