{
  "timestamp": "2025-07-20T07:18:11.269497",
  "cpu_percent": 19.5,
  "memory_percent": 53.2,
  "memory_available_gb": 14.93057632446289,
  "disk_percent": 54.00124081644697,
  "disk_free_gb": 428.1370429992676,
  "disk_total_gb": 930.7578086853027,
  "process_count": 551,
  "load_average": [
    0,
    0,
    0
  ]
}