{
  "timestamp": "2025-07-20T11:45:38.776359",
  "cpu_percent": 22.7,
  "memory_percent": 56.0,
  "memory_available_gb": 14.056194305419922,
  "disk_percent": 54.04965089613894,
  "disk_free_gb": 427.68646240234375,
  "disk_total_gb": 930.7578086853027,
  "process_count": 551,
  "load_average": [
    0,
    0,
    0
  ]
}