{
  "timestamp": "2025-07-20T06:40:33.571890",
  "cpu_percent": 15.1,
  "memory_percent": 53.4,
  "memory_available_gb": 14.869491577148438,
  "disk_percent": 53.99358648516252,
  "disk_free_gb": 428.2082862854004,
  "disk_total_gb": 930.7578086853027,
  "process_count": 545,
  "load_average": [
    0,
    0,
    0
  ]
}