{
  "timestamp": "2025-07-20T07:16:09.238396",
  "cpu_percent": 13.8,
  "memory_percent": 52.9,
  "memory_available_gb": 15.027206420898438,
  "disk_percent": 54.000574402725164,
  "disk_free_gb": 428.1432456970215,
  "disk_total_gb": 930.7578086853027,
  "process_count": 550,
  "load_average": [
    0,
    0,
    0
  ]
}