{
  "timestamp": "2025-07-20T09:41:34.663213",
  "cpu_percent": 22.2,
  "memory_percent": 54.5,
  "memory_available_gb": 14.536758422851562,
  "disk_percent": 54.01761590491022,
  "disk_free_gb": 427.9846305847168,
  "disk_total_gb": 930.7578086853027,
  "process_count": 544,
  "load_average": [
    0,
    0,
    0
  ]
}