{
  "timestamp": "2025-07-20T09:08:01.102490",
  "cpu_percent": 6.9,
  "memory_percent": 55.0,
  "memory_available_gb": 14.378643035888672,
  "disk_percent": 54.019130705104445,
  "disk_free_gb": 427.97053146362305,
  "disk_total_gb": 930.7578086853027,
  "process_count": 545,
  "load_average": [
    0,
    0,
    0
  ]
}