{
  "timestamp": "2025-07-20T06:57:50.943654",
  "cpu_percent": 8.7,
  "memory_percent": 52.9,
  "memory_available_gb": 15.053714752197266,
  "disk_percent": 53.99684437118629,
  "disk_free_gb": 428.17796325683594,
  "disk_total_gb": 930.7578086853027,
  "process_count": 544,
  "load_average": [
    0,
    0,
    0
  ]
}