{
  "timestamp": "2025-07-20T11:54:47.924664",
  "cpu_percent": 12.5,
  "memory_percent": 56.6,
  "memory_available_gb": 13.85467529296875,
  "disk_percent": 54.05065912354095,
  "disk_free_gb": 427.6770782470703,
  "disk_total_gb": 930.7578086853027,
  "process_count": 549,
  "load_average": [
    0,
    0,
    0
  ]
}