{
  "timestamp": "2025-07-20T09:48:41.782521",
  "cpu_percent": 9.9,
  "memory_percent": 56.0,
  "memory_available_gb": 14.042289733886719,
  "disk_percent": 54.008538579503906,
  "disk_free_gb": 428.06911849975586,
  "disk_total_gb": 930.7578086853027,
  "process_count": 551,
  "load_average": [
    0,
    0,
    0
  ]
}